"","V91","V96","V116","V132","V146","V296","V297","V298","V299","V300","V301","V302","V303","V304","V305","V306","V307","V308","V309","V310","V311","V312","V313","V314","V315","V316","V318","V319","V353","V355"
"1",2,9,10,5,2,1,1,1,1,5,1,5,5,1,1,1,1,1,8,8,8,10,1,1,5,10,1,1,1,28
"2",1,3,6,4,2,2,4,4,3,2,1,3,9,9,7,4,1,1,9,9,6,10,8,3,2,8,3,3,1,27
"3",2,6,5,3,2,4,3,5,5,2,1,5,8,6,7,4,4,3,8,8,4,8,3,4,4,9,6,4,1,26
"4",2,10,8,8,2,1,1,1,1,1,1,1,1,4,1,4,1,1,6,6,7,10,7,1,2,10,1,1,1,21
"5",2,10,10,10,2,2,1,1,1,1,1,1,3,1,1,1,1,1,4,1,1,3,1,1,1,8,1,1,1,43
"6",2,6,7,4,2,5,2,2,5,1,2,5,8,4,1,3,1,2,2,5,6,10,2,2,3,9,4,4,1,37
"7",2,7,8,7,2,1,1,1,3,2,1,1,6,3,1,1,1,1,5,4,2,5,5,2,2,9,1,1,1,41
"8",1,8,10,10,1,10,1,1,10,1,1,1,1,10,1,10,1,6,10,1,1,10,1,1,1,10,1,1,1,36
"9",2,8,9,8,2,1,1,1,1,1,1,1,5,3,1,1,1,1,5,5,3,10,5,2,3,8,1,1,1,52
"10",2,8,8,8,2,1,1,1,1,1,1,1,10,8,8,10,10,10,10,6,6,10,8,10,10,10,1,1,1,46
"11",1,6,3,8,2,1,1,1,1,1,1,1,2,1,1,1,1,1,6,5,3,6,2,1,3,8,1,1,1,47
"12",2,10,10,10,2,5,3,3,5,3,1,5,1,1,1,1,1,1,1,1,1,10,5,5,1,10,1,5,1,61
"13",2,6,3,1,2,10,5,5,1,1,1,5,5,5,5,1,5,5,5,5,5,5,5,5,5,10,5,1,1,26
"14",2,7,3,1,2,1,1,4,5,6,3,8,8,3,5,3,2,2,6,6,6,9,6,6,4,9,2,1,1,27
"15",2,8,4,8,2,1,1,1,1,1,1,2,5,5,2,1,1,1,5,5,5,5,5,3,1,8,1,1,1,19
"16",2,9,8,6,2,1,1,1,1,1,1,1,7,1,6,1,1,1,8,7,1,10,5,1,1,1,1,1,1,20
"17",2,7,8,6,2,1,1,1,1,1,1,1,8,3,1,1,1,1,5,5,2,7,3,1,1,9,1,1,1,38
"18",2,8,5,3,2,1,1,1,1,1,1,3,6,1,1,1,1,1,6,6,1,9,2,7,1,8,8,1,1,37
"19",2,8,7,5,2,1,1,3,3,2,1,4,4,3,1,1,1,1,3,3,3,10,5,5,1,9,3,1,1,31
"20",1,8,10,2,2,6,6,7,1,1,1,1,1,1,1,1,1,1,1,1,1,1,1,1,1,6,1,1,1,42
"21",2,9,10,8,2,1,1,1,1,1,1,1,1,1,1,1,1,1,7,7,1,7,1,1,1,8,1,1,1,59
"22",2,8,8,8,2,1,1,1,1,1,1,1,4,3,1,1,1,1,5,5,2,6,5,1,1,10,1,1,1,57
"23",2,6,7,7,2,2,1,1,3,1,1,1,6,1,1,1,1,1,5,3,3,5,4,1,1,5,1,1,1,55
"24",2,8,9,4,2,1,1,1,1,1,1,1,1,6,6,1,1,1,6,6,6,10,6,6,6,6,1,1,1,58
"25",2,10,4,1,2,5,5,5,5,5,5,10,1,2,1,1,2,2,7,5,4,5,5,9,1,10,5,5,1,64
"26",1,10,1,7,2,1,1,1,1,1,1,1,6,1,1,1,1,1,6,6,6,6,1,1,1,10,1,1,1,22
"27",2,10,10,10,2,10,10,10,10,10,10,1,1,1,1,1,1,1,1,5,1,7,1,1,1,8,1,1,1,23
"28",1,9,8,1,2,1,1,1,4,4,4,1,1,4,4,4,3,4,4,4,1,1,4,3,10,1,1,1,1,30
"29",2,5,5,1,2,1,1,1,1,1,1,1,7,1,1,1,1,1,1,6,1,1,4,1,1,10,1,1,1,41
"30",2,7,7,6,2,1,1,1,1,1,1,1,1,1,1,1,1,1,6,6,1,10,1,1,1,10,1,1,1,45
"31",2,6,7,8,2,1,1,1,1,1,1,1,1,1,1,1,1,1,5,5,5,10,1,3,1,10,1,1,1,59
"32",1,8,10,7,2,1,1,1,1,1,1,1,9,1,1,1,1,1,1,5,1,8,1,1,1,9,1,1,1,60
"33",1,6,5,3,2,3,5,2,1,1,1,1,1,5,5,5,2,1,1,5,1,8,3,5,1,8,1,1,1,25
"34",2,5,6,4,2,1,1,1,1,1,1,1,1,1,1,1,1,1,1,1,1,1,1,1,1,3,1,1,1,22
"35",2,6,7,4,2,1,1,1,1,1,1,2,7,5,4,1,1,1,1,4,1,10,1,5,1,10,1,1,1,42
"36",2,8,8,5,2,1,2,3,4,3,1,3,7,3,2,1,1,1,6,6,4,6,5,3,5,8,3,2,1,33
"37",2,8,8,7,2,1,1,1,1,1,1,1,1,1,1,1,1,1,1,1,1,1,1,1,1,7,1,1,1,58
"38",2,6,5,3,2,1,2,3,2,2,1,3,8,1,1,1,1,1,1,1,3,6,6,3,3,1,1,1,1,58
"39",2,6,10,10,2,1,1,1,1,1,1,1,2,1,1,1,1,1,2,1,1,10,1,1,1,1,1,1,1,27
"40",2,10,8,10,2,1,6,1,1,1,1,1,1,1,1,1,1,1,6,6,6,10,1,1,1,10,1,1,1,41
"41",2,9,10,8,2,1,1,1,1,1,1,1,1,1,1,1,1,1,5,5,1,5,1,1,1,6,1,1,1,59
"42",2,10,10,10,2,1,1,1,1,1,1,1,1,1,1,1,1,1,10,10,1,1,1,1,1,10,1,1,1,72
"43",2,8,5,8,2,1,2,1,3,6,1,1,9,1,1,3,2,2,6,6,6,10,6,5,5,10,1,1,2,27
"44",2,8,9,10,2,1,1,1,1,1,1,1,2,1,1,1,1,1,3,3,1,8,3,3,3,3,1,1,2,26
"45",1,4,5,8,2,1,1,3,2,1,1,2,2,3,3,1,1,1,2,6,1,7,1,2,4,9,1,1,2,20
"46",1,7,7,6,2,1,1,1,1,1,1,1,3,4,2,1,1,1,5,5,2,2,5,3,1,9,1,1,2,32
"47",2,6,6,4,2,1,1,1,6,1,1,1,8,6,3,1,1,1,6,6,9,9,3,6,1,7,1,1,2,32
"48",1,5,1,5,2,1,1,1,1,1,1,1,10,3,1,1,1,1,8,10,1,6,6,1,1,10,1,1,2,31
"49",2,8,8,8,2,1,1,1,1,1,1,1,1,1,1,1,1,1,5,5,5,1,1,1,1,10,1,1,2,57
"50",1,6,8,7,2,1,1,1,1,1,1,1,7,1,1,1,1,1,6,6,1,9,1,1,1,7,1,1,2,54
"51",2,7,8,7,2,2,1,1,1,1,1,1,1,1,1,1,1,1,5,5,1,1,1,1,1,7,1,1,2,19
"52",1,3,6,5,2,6,2,2,1,1,1,3,9,9,6,4,1,1,6,7,4,9,4,6,2,9,1,1,2,19
"53",2,8,4,3,2,1,1,1,1,1,1,1,5,1,1,1,1,1,5,5,1,5,1,1,1,10,1,1,2,27
"54",2,10,7,10,2,1,1,1,1,1,1,1,1,1,1,1,1,1,1,5,1,10,1,1,1,10,1,1,2,34
"55",2,10,10,9,2,1,1,1,1,1,1,1,1,1,1,1,1,1,6,6,1,10,1,1,1,10,1,1,2,34
"56",2,6,5,1,2,1,1,1,1,1,1,1,5,1,1,1,1,1,5,5,6,6,1,1,1,7,1,1,2,35
"57",2,9,10,9,2,1,1,1,1,1,1,1,3,1,1,1,1,1,5,6,5,1,1,1,1,10,1,1,2,53
"58",2,9,9,1,2,1,1,1,1,1,1,1,1,1,1,1,1,1,6,6,1,3,1,1,1,6,1,1,2,52
"59",2,9,5,10,2,1,1,1,1,1,1,1,6,1,1,1,1,1,6,3,1,3,1,1,1,3,1,1,2,61
"60",2,4,4,7,2,1,1,6,6,1,1,10,10,1,6,1,1,1,9,6,6,10,10,6,1,10,1,1,2,28
"61",2,7,5,6,2,3,3,3,3,3,1,3,8,2,1,1,1,1,3,3,3,10,4,5,3,6,3,3,2,30
"62",1,4,4,5,2,1,3,3,5,2,1,4,4,1,1,1,1,1,3,3,3,10,4,3,1,4,5,2,2,45
"63",2,7,6,6,2,1,3,3,4,1,1,2,4,1,1,1,1,1,4,4,4,9,1,2,1,7,3,2,2,50
"64",1,5,6,6,2,5,3,10,10,1,1,1,10,4,10,1,1,1,10,10,1,10,10,5,5,10,1,1,2,50
"65",1,8,8,8,2,1,1,1,1,1,1,1,1,1,1,1,1,1,1,5,1,10,1,1,1,10,1,1,2,24
"66",2,8,8,7,2,1,1,1,1,1,1,1,1,1,1,1,1,1,8,6,6,10,1,1,1,10,1,1,2,37
"67",2,10,8,8,2,1,1,1,1,1,1,1,10,1,1,1,1,1,5,5,1,1,1,1,1,10,1,1,2,45
"68",2,5,10,9,2,1,1,1,1,1,1,1,5,1,1,1,1,1,5,5,1,6,6,1,3,10,1,1,2,63
"69",2,7,10,7,2,1,1,1,1,1,1,1,10,1,1,1,1,1,6,6,6,1,6,6,1,10,1,1,2,53
"70",2,10,10,10,2,1,1,1,1,1,1,1,2,1,1,1,1,1,5,1,1,1,6,1,1,1,1,1,2,70
"71",1,6,1,8,2,1,1,1,2,1,1,1,5,1,1,1,1,1,7,6,1,8,1,1,5,3,1,1,1,20
"72",2,6,1,6,2,1,1,1,1,1,1,1,6,1,1,1,1,1,1,1,1,1,1,1,1,1,1,1,1,19
"73",1,7,8,7,2,1,1,1,1,1,1,1,1,1,1,1,1,1,5,5,1,8,1,1,1,9,1,1,1,24
"74",2,4,7,4,2,1,1,1,1,5,1,1,1,2,1,1,1,1,5,5,4,10,5,1,4,10,2,1,1,25
"75",2,8,8,7,2,5,1,1,1,1,1,1,1,1,1,1,1,1,5,5,1,3,4,1,1,10,1,1,1,18
"76",2,8,8,8,2,1,1,1,1,1,1,1,3,1,1,1,1,1,5,3,1,10,1,1,1,8,1,1,1,32
"77",2,8,8,7,2,1,1,1,1,1,1,1,2,1,1,1,1,1,3,3,1,8,8,1,1,9,1,1,1,38
"78",1,6,6,5,2,1,1,1,1,1,1,1,2,1,1,1,1,1,5,1,1,10,1,3,5,1,1,1,1,30
"79",1,10,10,10,2,1,1,1,1,1,1,1,1,1,1,1,1,1,6,6,1,10,1,1,1,10,1,1,1,38
"80",2,9,10,8,2,1,1,1,1,1,1,1,1,1,1,1,1,1,5,5,1,10,8,1,1,7,1,1,1,45
"81",2,10,10,10,2,1,1,1,1,1,1,1,1,1,1,1,1,1,5,5,1,10,1,1,1,10,1,1,1,46
"82",2,10,10,8,2,1,1,1,1,1,1,1,1,1,1,1,1,1,5,5,1,5,1,1,1,10,1,1,1,49
"83",2,8,6,8,2,1,1,1,1,1,1,1,1,1,1,1,1,1,5,6,3,5,6,3,3,8,1,1,1,61
"84",1,8,8,2,2,1,1,1,1,1,1,1,6,1,1,1,1,1,6,6,1,10,6,1,1,10,1,1,1,37
"85",2,9,7,8,2,1,1,1,1,1,1,1,1,1,1,1,1,1,1,1,1,5,6,5,1,8,1,1,1,53
"86",2,10,10,9,2,1,1,1,1,1,1,1,1,1,1,1,1,1,5,1,1,2,1,1,1,1,1,1,1,55
"87",1,10,10,9,2,1,1,1,1,1,1,1,6,1,1,1,1,1,6,2,1,10,1,1,1,10,1,1,1,59
"88",2,9,9,10,2,1,1,1,3,1,1,2,6,1,1,1,1,1,8,7,2,5,1,1,1,4,1,1,1,72
"89",1,8,8,8,2,1,1,1,1,1,1,1,1,1,1,1,1,1,5,5,3,10,5,1,1,8,1,1,2,21
"90",2,9,7,8,2,1,1,1,1,1,1,1,3,1,1,1,1,1,1,1,2,2,2,1,1,5,1,1,2,19
"91",2,9,3,10,2,1,1,1,1,1,1,1,6,1,1,1,1,1,1,1,1,10,1,1,1,10,1,1,2,22
"92",1,6,5,5,2,3,1,2,1,1,1,1,1,1,1,1,1,1,3,5,1,3,1,1,1,9,1,1,2,30
"93",2,8,8,8,2,5,1,1,1,1,1,1,1,1,1,1,1,1,1,1,1,1,1,1,1,10,1,1,2,30
"94",2,9,9,2,2,1,1,1,1,1,1,1,5,1,1,1,1,1,5,5,1,8,1,3,3,3,1,1,2,40
"95",2,10,10,9,2,1,1,1,1,1,1,10,1,1,1,1,1,1,5,5,1,10,1,1,1,1,1,1,2,51
"96",2,10,8,6,2,1,1,1,1,1,1,1,1,1,1,1,1,1,5,5,1,1,1,1,1,1,1,1,2,51
"97",2,9,9,9,2,1,1,1,1,1,1,1,1,1,1,1,1,1,5,5,3,2,1,1,5,10,1,1,2,18
"98",1,10,8,10,2,1,1,1,1,1,1,1,3,1,1,1,1,1,6,5,1,1,6,1,1,2,1,1,2,38
"99",2,9,5,5,2,1,1,1,1,1,1,1,10,1,1,1,1,1,6,1,1,1,1,1,1,1,1,1,2,45
"100",2,10,10,10,2,1,1,1,1,1,1,1,3,1,1,1,1,1,3,6,1,1,3,1,1,1,1,1,2,67
"101",1,2,5,3,2,3,5,1,1,2,1,3,1,6,2,4,1,2,4,8,4,1,6,5,3,7,1,1,1,29
"102",1,1,8,5,2,4,4,10,4,4,6,10,10,10,1,3,6,6,8,6,6,8,8,4,7,6,4,3,1,28
"103",2,8,9,9,2,1,1,1,1,1,1,4,4,6,6,1,1,1,6,6,6,10,6,1,1,10,1,1,1,26
"104",1,8,5,5,2,1,1,1,1,1,1,1,5,1,1,1,1,1,5,5,6,10,1,1,1,9,1,1,1,19
"105",2,10,10,5,2,1,1,1,1,1,1,1,6,1,1,1,1,1,6,6,1,10,6,1,1,1,1,1,1,31
"106",2,8,7,6,2,1,6,1,1,1,1,6,1,1,6,6,1,1,8,8,8,7,1,4,1,8,1,1,1,31
"107",2,10,7,5,2,1,1,1,1,1,1,1,1,1,1,1,1,1,6,6,6,6,1,1,1,6,1,1,1,36
"108",2,10,8,10,2,1,1,1,3,1,1,2,7,3,2,1,1,1,6,5,5,10,5,3,3,10,1,1,1,30
"109",2,6,8,6,2,1,1,1,1,1,1,1,8,1,1,1,1,1,3,5,6,10,1,7,1,3,1,3,1,55
"110",2,9,10,10,2,5,1,1,1,1,1,1,1,1,1,1,1,1,1,1,1,5,1,1,1,5,1,1,1,51
"111",2,7,5,6,2,3,2,1,2,3,1,5,1,4,3,6,7,8,5,3,2,10,5,6,2,6,5,3,1,54
"112",2,9,9,10,2,1,1,1,1,1,1,1,1,1,1,1,1,1,6,6,6,10,1,1,1,10,1,1,1,60
"113",1,1,1,1,2,4,4,8,1,7,1,1,6,6,6,1,1,1,6,6,6,10,6,6,6,10,1,1,1,23
"114",2,5,5,3,2,1,2,1,1,1,1,1,1,1,1,1,6,1,6,6,1,10,3,1,1,10,1,1,1,28
"115",2,8,6,6,2,1,1,1,1,1,1,1,1,5,5,1,1,5,5,5,3,1,5,1,1,5,1,1,1,22
"116",1,6,9,9,2,1,1,1,1,1,1,1,1,1,1,1,1,1,1,5,4,10,1,5,4,10,1,1,1,25
"117",2,9,6,1,2,1,1,1,1,1,1,1,4,1,1,1,1,1,6,6,5,10,1,1,1,10,1,1,1,30
"118",2,5,1,5,2,1,5,1,1,1,1,1,4,1,3,1,1,1,5,5,1,10,1,1,5,8,1,1,1,28
"119",2,8,8,6,2,1,1,1,1,1,1,1,1,1,1,1,1,1,1,7,9,9,2,2,9,6,1,1,1,41
"120",2,8,7,6,2,4,7,3,6,1,1,4,7,5,5,3,1,1,5,5,2,4,1,3,1,6,3,3,1,32
"121",2,9,10,8,2,1,1,1,1,1,1,1,6,1,1,1,1,1,1,1,1,1,1,1,1,1,1,1,1,49
"122",2,10,10,7,2,1,1,1,1,1,1,1,6,1,1,1,1,1,1,6,1,10,6,1,1,3,1,1,1,49
"123",1,5,5,5,2,1,1,1,1,1,1,1,1,1,1,1,1,1,6,6,6,1,1,1,1,10,1,1,1,55
"124",2,10,1,1,2,1,1,1,1,1,1,1,1,1,1,1,1,1,1,1,1,1,1,1,1,1,1,1,1,50
"125",1,8,9,8,2,1,1,1,1,1,1,1,1,1,1,1,1,1,5,5,5,1,1,1,1,10,1,1,1,60
"126",2,10,8,10,2,5,5,1,1,1,1,1,5,5,5,5,1,1,5,5,5,10,5,1,1,5,5,1,1,42
"127",2,8,6,5,2,1,6,1,1,1,1,1,1,1,1,1,1,1,5,7,4,10,3,1,1,10,1,1,1,20
"128",2,8,8,6,2,1,1,1,1,1,1,1,6,1,1,1,1,1,6,6,1,10,1,6,1,10,1,1,1,27
"129",2,10,10,1,2,1,1,1,1,1,1,6,6,1,1,1,1,1,6,6,1,10,6,1,1,6,1,1,1,35
"130",2,1,1,1,2,1,1,1,1,1,1,1,1,1,1,1,1,1,6,1,1,10,10,1,1,10,1,1,1,55
"131",2,9,10,9,2,1,1,1,1,1,1,1,1,1,1,1,1,1,5,5,5,10,1,1,1,10,1,1,1,55
"132",2,10,10,5,2,1,1,1,1,1,1,1,1,1,1,1,1,1,1,4,1,10,1,1,1,1,1,1,1,63
"133",2,8,7,6,2,3,6,5,2,2,1,3,7,7,5,4,1,3,7,6,7,8,4,3,6,8,2,4,1,25
"134",2,8,6,1,2,1,3,8,9,3,1,3,1,1,1,4,1,1,7,2,7,1,8,9,10,10,2,1,1,22
"135",1,10,1,10,2,1,1,1,1,1,1,5,1,1,1,1,1,1,5,5,8,10,1,1,1,10,1,1,1,31
"136",2,7,3,4,2,3,6,5,6,2,1,6,5,4,3,4,1,1,6,6,5,1,8,7,2,10,7,6,2,31
"137",2,10,10,1,2,1,1,1,1,1,3,2,3,1,1,2,1,1,1,5,1,10,1,4,5,10,1,1,1,32
"138",2,9,10,10,2,1,1,1,1,1,1,1,1,1,1,1,1,1,5,5,5,1,1,1,1,1,1,1,1,52
"139",2,6,1,7,2,1,1,1,1,1,1,1,5,1,5,1,1,1,5,5,5,10,1,1,1,10,1,1,1,24
"140",1,9,1,7,2,1,1,1,1,1,1,1,3,1,1,1,1,4,4,5,5,10,1,5,10,10,1,1,1,40
"141",1,4,7,4,2,1,10,3,1,1,1,5,2,4,6,1,1,2,7,5,3,6,1,8,1,9,2,3,1,52
"142",2,7,5,1,2,1,6,1,1,1,1,6,6,1,1,1,1,1,6,6,6,10,1,1,1,6,3,1,1,68
"143",2,4,6,2,2,1,4,1,1,2,1,6,1,8,8,4,6,6,6,8,3,8,1,8,1,9,1,2,2,21
"144",2,6,3,3,2,1,1,1,1,1,1,1,5,5,6,1,1,1,7,6,6,10,1,6,1,10,1,1,2,25
"145",2,6,8,3,2,1,3,1,1,2,1,3,6,1,5,1,2,1,9,9,5,10,8,6,3,9,2,2,2,23
"146",2,7,8,5,2,1,1,1,3,1,1,1,8,5,2,2,1,1,6,6,6,10,5,5,5,9,1,1,2,30
"147",2,7,8,5,2,1,1,1,1,1,1,1,6,1,1,1,1,1,6,6,1,1,1,1,1,1,1,1,2,34
"148",2,10,4,10,2,1,1,1,1,1,1,1,1,1,1,1,1,1,6,5,1,10,1,1,1,6,1,1,2,36
"149",2,10,9,5,2,1,1,1,1,1,1,1,1,1,1,1,1,1,6,6,6,10,1,1,1,10,1,1,2,49
"150",2,5,6,6,2,1,1,1,1,3,1,1,2,5,1,1,1,1,4,5,3,5,2,2,4,8,1,3,2,46
"151",2,10,10,6,2,1,1,1,1,1,1,1,1,1,1,1,1,1,6,6,6,10,6,1,1,6,1,1,2,18
"152",2,7,6,8,2,6,1,1,1,1,1,1,1,1,1,1,1,1,1,1,2,10,1,1,1,6,1,1,2,19
"153",2,8,5,9,2,1,1,1,1,1,1,6,6,1,1,1,1,1,6,6,6,10,1,1,1,6,1,1,2,20
"154",2,7,4,6,2,1,4,1,6,3,4,5,6,5,5,4,3,3,3,3,3,5,1,6,5,6,7,6,2,31
"155",2,8,6,5,2,1,1,1,1,1,1,1,10,1,5,1,1,1,5,5,5,10,1,1,1,10,1,1,2,30
"156",2,10,9,5,2,1,1,1,1,1,1,1,6,1,1,1,1,1,6,1,1,10,6,1,1,3,1,1,2,36
"157",2,9,9,5,2,1,1,1,1,1,1,1,1,1,1,1,1,1,6,6,6,10,1,1,1,10,1,1,2,58
"158",2,8,10,10,2,1,1,1,1,1,1,1,1,1,1,1,1,1,1,1,1,1,1,1,1,1,1,1,2,50
"159",2,8,9,10,2,1,1,1,1,1,1,1,1,1,1,1,1,1,6,6,6,10,1,1,1,10,1,1,2,62
"160",2,10,3,8,2,1,3,8,6,1,1,6,10,1,6,1,1,1,6,6,6,10,1,6,1,6,2,1,2,29
"161",2,7,5,6,2,1,1,1,1,1,1,4,3,1,4,3,1,1,1,1,2,10,5,4,4,10,1,1,2,37
"162",2,4,3,3,2,1,1,1,1,1,1,1,1,6,5,1,1,1,1,5,1,10,1,1,1,1,1,1,2,47
"163",2,7,5,7,2,3,4,5,7,3,2,7,8,5,3,4,1,3,5,6,2,4,9,7,2,8,4,3,2,49
"164",2,8,5,7,2,1,1,1,1,1,1,1,1,1,1,1,1,1,5,5,5,5,1,1,1,10,1,1,2,50
"165",2,6,9,10,2,1,5,3,5,1,2,5,1,5,4,3,1,2,5,5,5,1,5,5,5,5,2,4,2,27
"166",1,1,3,5,2,1,2,1,1,2,1,2,4,5,5,3,1,1,1,1,2,2,1,1,1,1,1,1,2,38
"167",2,8,5,5,2,1,1,1,1,1,1,6,6,1,1,1,1,1,6,6,6,10,1,6,1,6,1,1,2,58
"168",2,9,9,9,2,1,1,1,1,1,1,1,1,1,1,1,1,1,5,5,5,10,1,1,1,10,1,1,2,60
"169",2,4,4,4,2,1,1,1,1,1,1,1,1,1,1,1,1,1,1,1,1,1,1,1,1,1,1,1,2,50
"170",2,1,1,1,2,1,1,1,1,1,1,1,5,1,1,1,1,1,1,5,1,10,1,1,1,10,1,1,2,61
"171",2,10,8,1,2,6,6,1,3,3,1,1,5,1,1,1,1,1,5,5,2,10,1,4,1,10,1,1,1,26
"172",2,10,10,8,2,1,1,1,1,1,1,1,4,1,1,1,1,1,6,6,1,8,1,1,1,6,1,1,1,22
"173",2,8,10,3,2,1,1,1,1,1,1,1,5,2,3,1,3,1,4,3,1,1,3,1,2,4,1,1,1,27
"174",2,10,3,1,2,1,1,1,1,1,1,1,6,1,1,1,1,1,5,5,6,6,5,1,1,10,1,1,1,18
"175",2,10,10,10,2,1,1,1,1,1,1,5,1,1,1,1,1,1,1,4,1,10,1,3,1,10,3,1,1,20
"176",2,10,9,10,2,1,1,1,1,1,1,1,1,1,1,1,1,1,6,6,1,10,1,1,1,6,1,1,1,42
"177",1,6,8,6,2,2,2,2,1,1,1,1,1,1,3,1,4,3,4,5,3,2,1,1,3,1,1,1,1,31
"178",2,10,9,7,2,1,1,1,1,1,1,1,1,1,1,1,1,1,1,5,2,10,1,1,1,1,1,1,1,31
"179",2,10,10,10,2,1,1,1,1,1,1,1,1,1,1,1,1,1,6,6,1,1,1,1,1,6,1,1,1,43
"180",2,8,6,10,2,1,1,1,1,1,1,1,1,1,1,1,1,1,1,1,1,1,1,1,1,10,1,1,1,47
"181",2,10,10,10,2,2,1,1,2,1,1,1,4,1,1,1,1,1,4,1,1,1,1,1,1,2,1,1,1,45
"182",2,9,5,6,2,2,1,1,1,1,1,1,4,3,4,1,3,2,4,4,2,2,2,1,2,1,1,1,1,52
"183",2,8,3,3,2,1,1,2,3,1,1,2,8,1,1,1,1,1,6,5,1,10,5,2,1,10,8,2,1,60
"184",2,10,5,10,2,1,1,1,5,1,1,2,2,1,1,1,1,1,2,5,5,4,1,1,4,5,1,1,1,33
"185",1,10,10,10,2,1,1,1,1,1,1,1,1,1,1,1,1,1,1,1,1,1,1,1,1,1,1,1,1,51
"186",2,10,2,10,2,2,1,2,2,1,1,1,6,1,1,1,1,1,6,1,3,2,2,1,5,3,1,1,1,46
"187",2,10,3,9,2,3,1,2,2,1,1,1,9,1,1,1,1,1,2,1,5,2,3,1,5,4,1,1,1,50
"188",2,9,8,8,2,3,1,1,1,1,1,1,4,1,1,1,1,1,1,1,10,7,5,1,10,6,7,1,1,85
"189",2,10,10,10,2,1,1,1,1,1,1,1,3,1,1,1,1,1,6,6,1,3,1,1,1,8,1,1,2,26
"190",1,5,5,10,2,1,1,1,1,1,1,1,1,1,1,1,1,1,5,5,3,10,1,1,1,10,1,1,2,18
"191",2,7,7,10,2,5,1,1,1,1,1,1,5,1,1,1,1,1,3,1,1,6,1,1,4,1,1,1,2,25
"192",1,10,6,8,2,1,1,1,1,1,1,5,10,1,5,1,1,1,5,5,5,10,1,1,1,10,1,1,2,39
"193",1,5,9,7,2,7,7,9,2,2,1,2,5,1,1,1,5,1,5,5,2,2,1,1,1,1,1,1,2,37
"194",2,8,8,6,2,1,1,1,1,1,1,1,5,1,1,1,1,1,1,1,1,10,1,1,1,10,1,1,2,41
"195",2,10,10,9,2,1,1,1,1,1,1,1,6,1,1,1,1,1,6,1,1,10,1,1,1,10,1,1,2,46
"196",2,8,6,8,2,1,1,1,1,1,1,1,1,1,1,1,1,1,5,5,6,8,1,1,8,7,1,1,2,46
"197",2,8,6,8,2,1,1,1,1,1,1,1,1,1,1,1,1,1,5,5,1,3,1,1,1,3,1,1,2,23
"198",2,10,10,6,2,1,1,1,1,1,1,1,2,1,1,1,1,1,3,3,1,7,1,1,1,10,1,1,2,36
"199",2,8,8,7,2,1,1,1,1,1,1,1,5,1,1,1,1,1,6,6,1,6,1,1,1,10,1,1,2,51
"200",2,10,10,7,2,1,1,1,1,1,1,1,6,1,1,1,1,1,6,3,1,1,1,1,1,4,1,1,2,65
"201",2,4,10,4,2,1,1,1,1,1,1,1,1,1,1,1,1,1,6,5,1,10,5,1,1,5,1,1,1,29
"202",2,9,5,5,2,1,1,1,1,1,1,1,1,1,1,1,1,1,1,1,1,6,1,1,1,1,1,1,1,27
"203",2,9,7,5,2,1,4,1,1,1,1,1,6,1,1,1,1,1,6,6,6,6,1,6,1,6,1,1,1,28
"204",2,5,2,3,2,1,1,1,1,1,1,4,1,10,6,6,1,1,6,6,1,6,10,6,1,10,1,1,1,26
"205",2,10,2,6,2,1,1,1,1,1,1,1,6,1,1,1,1,1,6,5,5,1,5,1,1,10,1,1,1,33
"206",2,10,8,7,2,1,1,1,1,1,1,1,5,4,1,1,1,1,5,5,3,10,6,1,1,6,1,1,1,35
"207",1,6,7,6,2,1,1,1,1,1,1,1,6,1,1,1,1,1,5,7,2,6,1,1,1,10,1,1,1,34
"208",2,6,4,1,2,1,1,1,1,1,1,1,5,5,1,1,1,1,5,5,5,2,2,2,1,10,1,1,1,33
"209",2,6,8,2,2,1,5,1,1,4,1,1,3,1,1,1,1,1,5,6,6,9,3,6,1,6,1,1,1,46
"210",2,5,10,1,2,6,6,1,1,1,1,1,1,1,1,1,1,5,5,5,10,1,1,1,1,10,1,1,1,49
"211",1,7,9,2,2,1,1,1,1,1,1,1,5,1,1,1,1,1,5,6,6,6,6,5,1,10,1,1,1,45
"212",2,9,10,10,2,1,1,1,1,1,1,1,1,1,1,1,1,1,6,1,1,10,1,1,1,1,1,1,1,68
"213",2,8,10,8,2,1,1,1,1,1,1,1,5,1,1,1,1,1,6,6,1,1,1,1,1,10,1,1,1,29
"214",2,8,9,6,2,3,1,2,1,1,1,4,1,1,1,6,1,1,5,5,1,10,1,5,1,10,1,1,1,27
"215",2,6,9,3,2,3,1,1,1,1,1,5,5,1,1,1,1,1,1,5,5,10,4,5,1,10,1,1,1,20
"216",2,8,6,5,2,1,1,1,1,1,1,1,5,1,1,1,1,1,5,5,5,5,5,1,1,1,1,1,1,19
"217",2,10,8,9,2,1,1,1,1,1,1,1,3,1,1,1,1,1,6,4,1,10,5,1,1,10,1,1,1,40
"218",2,10,7,8,2,1,1,1,1,1,1,1,3,1,1,1,1,1,5,5,3,5,1,1,1,10,1,1,1,30
"219",2,9,8,8,2,1,1,1,1,1,1,1,4,1,1,1,1,1,4,4,1,6,5,3,1,7,1,1,1,31
"220",2,6,5,6,2,1,1,1,1,1,1,1,1,1,1,1,1,1,5,6,1,6,1,1,1,6,1,1,1,44
"221",2,10,10,9,2,1,1,1,1,1,1,1,5,1,1,1,1,1,1,1,1,10,5,1,1,10,1,1,1,51
"222",1,8,10,5,2,1,1,1,1,1,1,1,1,1,1,1,1,1,1,1,1,5,1,1,1,7,1,1,1,47
"223",2,4,10,3,2,1,1,1,1,1,1,1,5,1,1,1,1,1,6,5,1,10,4,1,1,6,1,1,1,50
"224",2,9,8,6,2,1,1,1,1,1,1,1,1,1,1,1,1,1,8,3,8,4,1,1,1,8,1,1,1,51
"225",2,10,10,2,2,1,1,1,1,1,1,1,1,1,1,1,1,1,5,1,1,1,1,1,1,6,1,1,1,63
"226",2,7,5,5,2,1,1,1,1,1,1,1,1,1,1,1,1,1,1,8,6,7,1,1,1,1,1,1,1,22
"227",2,9,7,1,2,1,1,1,1,1,1,1,1,1,1,1,1,1,5,3,1,7,1,1,1,10,1,1,1,22
"228",1,5,5,9,2,1,1,1,1,1,1,1,1,6,6,1,1,1,6,1,1,10,1,1,1,1,1,1,1,34
"229",2,5,10,7,2,1,1,1,1,1,1,1,1,1,1,1,1,1,5,4,1,10,1,1,1,5,1,1,1,40
"230",1,9,6,2,2,1,1,1,1,1,1,1,1,5,1,1,1,1,5,5,1,10,1,1,1,1,1,1,1,54
"231",2,8,6,7,2,1,1,1,1,1,1,1,3,1,1,1,1,1,1,5,3,8,1,1,1,8,1,1,1,48
"232",2,9,8,6,2,1,1,1,1,1,1,1,5,1,1,1,1,1,5,5,1,8,1,1,3,8,1,1,1,67
"233",2,6,8,5,2,1,1,1,3,3,1,1,5,1,1,1,1,1,5,5,5,10,1,3,1,10,1,1,1,27
"234",2,5,7,1,2,1,1,1,1,1,1,1,1,1,1,1,1,1,5,4,1,10,1,1,1,5,1,1,1,28
"235",2,7,7,5,2,1,1,4,3,3,1,3,4,4,1,1,1,1,4,5,2,10,1,2,1,8,1,1,1,31
"236",2,10,9,10,2,1,1,1,1,1,1,6,1,1,1,1,1,1,6,1,1,10,1,1,1,1,1,1,1,36
"237",2,7,10,1,2,1,1,1,1,1,1,1,7,1,1,1,1,1,5,7,1,10,1,1,1,10,1,1,1,45
"238",1,3,7,8,2,1,1,1,1,1,1,1,1,1,1,1,1,1,6,1,1,10,1,1,1,1,1,1,1,45
"239",2,10,8,10,2,1,1,1,1,1,1,1,1,1,1,1,1,1,1,1,1,10,1,1,1,1,1,1,1,18
"240",2,8,8,5,2,1,1,1,1,1,1,1,1,1,1,1,1,1,6,6,1,6,1,1,1,10,1,1,1,30
"241",2,6,9,7,2,1,1,1,3,1,1,1,10,1,1,1,1,1,4,1,5,10,1,1,5,10,1,1,1,59
"242",2,10,10,8,2,1,1,1,1,1,1,1,5,1,1,1,1,1,5,1,1,6,1,1,1,10,1,1,1,61
"243",2,9,1,7,2,1,1,1,1,1,1,1,1,1,1,1,1,1,1,1,1,6,1,1,1,1,1,1,2,29
"244",2,5,8,5,2,1,1,1,1,1,1,3,6,1,1,1,1,1,6,6,6,9,3,6,1,10,1,1,2,25
"245",2,5,5,6,2,1,1,1,1,1,1,1,5,1,1,1,1,1,7,7,3,1,1,2,1,7,1,1,2,23
"246",2,5,7,5,2,1,1,1,1,1,1,1,9,6,1,1,1,1,6,6,6,10,6,5,1,10,1,1,2,37
"247",1,8,7,10,2,1,1,1,1,1,1,1,1,1,1,1,1,1,5,5,2,8,2,1,1,9,1,1,2,36
"248",2,9,4,6,2,1,1,1,1,1,1,1,10,1,1,1,1,1,6,6,6,6,6,5,1,10,1,1,2,34
"249",1,8,6,7,2,1,1,1,1,1,1,1,7,3,1,1,1,1,5,5,2,10,1,1,1,9,1,1,2,45
"250",2,9,9,9,2,1,1,1,1,1,1,1,5,1,1,1,1,1,5,5,2,5,1,1,1,10,1,1,2,58
"251",2,5,7,5,2,1,1,1,1,1,1,1,6,1,1,1,1,1,6,6,6,6,5,1,1,10,1,1,2,18
"252",2,4,6,5,2,1,1,1,1,1,1,1,6,1,1,1,1,1,6,6,10,10,1,1,1,10,1,1,2,19
"253",1,5,10,7,2,1,1,1,1,1,1,1,5,1,1,1,1,1,6,5,1,10,1,1,1,10,1,1,2,27
"254",2,8,8,8,2,1,1,1,1,1,1,1,1,1,1,1,1,1,1,9,6,5,1,1,1,1,1,1,2,34
"255",1,9,7,9,2,1,1,1,1,1,1,1,5,1,1,1,1,1,6,6,1,10,6,1,1,10,1,1,2,34
"256",1,3,6,6,2,1,1,1,1,1,1,1,1,1,1,1,1,1,1,4,2,5,1,1,1,10,1,1,2,33
"257",1,10,9,10,2,1,1,1,1,1,1,1,1,1,1,1,1,1,6,1,1,10,1,1,1,1,1,1,2,55
"258",2,10,9,10,2,1,1,1,1,1,1,1,1,1,1,1,1,1,6,1,1,10,1,1,1,1,1,1,2,51
"259",2,10,10,6,2,1,1,1,1,1,1,1,6,1,1,1,1,1,6,6,10,6,1,1,1,10,1,1,2,61
"260",1,6,4,9,2,1,1,1,1,1,1,1,1,1,1,1,1,1,6,1,1,6,1,1,1,1,1,1,2,26
"261",2,6,8,8,2,1,1,4,1,1,1,1,3,1,1,1,1,1,5,5,1,6,5,1,1,10,1,1,2,36
"262",2,5,7,5,2,1,1,1,1,1,1,1,1,1,1,1,1,1,5,4,3,5,2,1,3,5,1,1,2,45
"263",2,9,8,1,2,1,1,1,1,1,1,1,1,1,1,1,1,1,6,3,1,4,3,1,1,5,1,1,2,45
"264",2,10,9,6,2,1,1,1,1,1,1,1,3,1,1,1,1,1,7,6,1,10,6,1,1,6,1,1,2,47
"265",2,5,5,5,2,1,1,1,1,1,1,1,1,1,1,1,1,1,1,7,3,6,1,1,2,6,1,1,2,20
"266",2,3,3,3,2,1,1,1,1,1,1,1,2,1,1,1,1,1,6,2,6,6,1,6,1,6,1,1,2,37
"267",2,8,10,10,2,1,1,1,1,1,1,1,3,1,1,1,1,1,5,6,1,8,7,1,1,6,1,1,2,48
"268",2,8,9,4,2,1,1,1,1,1,1,1,10,1,1,1,1,1,5,6,1,7,1,1,1,9,1,1,2,61
"269",2,10,10,6,2,1,1,1,1,1,1,1,1,1,1,1,1,1,6,6,1,10,1,1,1,10,1,1,2,51
"270",1,8,9,9,2,1,1,1,1,1,1,1,1,1,1,1,1,1,4,6,1,1,1,1,1,10,1,1,2,62
"271",2,8,9,8,2,1,1,1,3,1,1,1,1,2,2,1,1,1,5,6,10,10,2,1,5,10,2,1,1,28
"272",2,8,8,3,2,1,1,1,1,1,1,1,1,1,1,1,1,1,5,5,1,10,4,1,1,7,1,1,1,29
"273",1,6,8,7,2,1,1,1,1,1,1,1,1,2,4,1,1,1,4,2,10,10,5,1,1,10,2,1,1,23
"274",2,10,10,10,2,10,10,10,6,4,3,8,10,5,6,8,1,2,5,5,4,10,3,6,5,10,4,3,1,22
"275",2,4,7,9,2,1,1,1,1,1,1,1,1,1,1,1,1,1,10,10,10,10,10,10,1,1,1,1,1,21
"276",2,9,8,10,2,1,1,1,1,1,1,1,1,1,5,1,1,1,5,6,1,6,5,1,1,8,1,2,1,31
"277",2,10,10,9,2,1,1,1,1,1,1,1,1,1,1,1,1,1,6,1,1,1,1,1,1,10,1,1,1,35
"278",2,10,10,10,1,1,1,1,1,1,1,1,1,1,1,1,1,1,9,1,1,10,1,1,1,10,1,1,1,44
"279",2,10,10,6,2,1,1,1,1,1,1,1,1,1,1,1,1,1,1,3,9,3,1,2,1,10,1,1,1,34
"280",2,10,10,9,2,1,1,1,1,1,1,1,1,1,1,1,1,1,1,1,1,9,1,3,1,10,1,1,1,57
"281",2,9,9,8,2,1,1,1,1,1,1,1,1,1,1,1,1,1,1,1,1,1,1,1,1,10,1,1,1,49
"282",2,9,10,10,2,1,1,1,1,1,1,1,1,1,1,1,1,1,5,1,1,1,1,1,1,10,1,1,1,46
"283",2,5,5,7,2,3,1,5,1,1,1,1,5,1,2,1,1,1,4,1,2,8,3,3,2,4,1,1,1,62
"284",2,8,3,4,2,1,1,1,1,1,1,4,10,1,1,1,1,1,3,7,7,10,3,1,1,10,1,1,1,39
"285",1,3,2,6,2,1,1,1,1,1,1,1,1,1,1,1,1,1,6,1,1,5,1,1,1,10,1,1,1,45
"286",2,9,4,3,2,1,1,1,1,1,1,8,8,1,1,1,1,1,1,1,1,7,1,1,1,7,1,1,1,49
"287",2,8,7,6,2,1,1,4,1,1,1,1,1,1,1,1,1,1,1,1,1,8,1,1,1,10,1,1,1,58
"288",2,8,6,7,2,1,1,2,1,1,1,1,6,1,1,1,1,1,5,6,1,6,1,1,1,10,1,1,1,61
"289",2,10,10,5,2,1,1,1,1,1,1,1,1,1,1,1,1,1,1,5,1,10,6,1,1,10,4,3,2,22
"290",1,6,5,1,2,1,1,1,1,6,1,1,1,5,3,1,1,1,5,5,5,10,10,1,1,10,1,1,2,21
"291",1,7,7,6,2,1,1,3,2,1,1,1,4,6,5,1,1,1,1,3,10,7,8,1,1,10,2,1,2,20
"292",2,8,7,10,2,1,1,1,1,1,1,1,1,1,5,1,1,1,6,4,1,10,5,1,1,7,2,1,2,32
"293",2,8,8,9,2,1,2,1,2,1,1,1,2,1,1,1,1,1,1,1,1,1,1,2,1,9,1,1,2,30
"294",2,9,8,2,2,1,1,1,1,1,1,1,1,1,1,1,1,1,1,1,3,1,1,1,1,8,1,1,2,31
"295",2,8,6,4,2,1,1,1,1,1,1,1,1,1,1,1,1,1,1,1,9,2,1,1,1,8,1,1,2,45
"296",2,7,7,7,2,1,1,1,1,1,1,1,1,1,1,1,1,1,1,1,1,1,1,2,1,9,1,1,2,48
"297",2,6,3,4,2,1,1,1,1,1,1,1,1,1,1,1,1,1,1,1,5,8,1,3,1,10,1,1,2,27
"298",1,4,3,4,2,1,1,1,1,1,1,1,3,1,1,1,1,1,5,5,1,1,1,1,1,9,1,1,2,36
"299",2,8,6,8,2,1,1,1,1,1,1,1,4,1,1,1,1,1,6,6,4,6,1,1,1,10,1,1,2,50
"300",1,1,1,3,2,1,1,1,1,1,1,1,7,1,1,1,1,1,6,5,1,1,1,1,1,10,1,1,2,62
"301",2,6,7,3,2,1,1,1,4,4,1,2,10,2,2,2,1,1,5,5,1,10,4,4,4,7,1,1,1,28
"302",2,7,7,3,2,2,2,2,2,2,2,2,7,5,5,2,2,1,7,7,3,10,6,5,2,8,2,4,1,28
"303",2,8,6,5,2,1,1,1,1,1,1,1,1,1,1,1,1,1,1,1,1,10,1,1,1,6,1,1,1,27
"304",2,8,9,8,2,1,1,6,5,5,1,4,1,7,1,1,1,1,3,10,7,10,1,9,1,9,1,1,1,21
"305",2,3,5,3,2,1,2,1,1,1,1,1,5,1,1,1,1,1,7,6,2,8,6,4,1,10,1,1,1,40
"306",2,3,2,2,2,1,1,5,1,2,1,3,5,5,1,1,1,1,10,10,6,10,5,5,5,10,2,4,1,38
"307",2,6,4,6,2,1,1,6,1,1,1,1,7,3,1,1,1,1,7,6,1,10,1,1,1,10,1,1,1,34
"308",2,10,8,6,2,1,1,1,1,1,1,1,1,1,1,1,1,1,5,10,1,10,1,1,1,10,1,1,1,37
"309",2,9,10,9,2,2,1,1,1,1,1,1,1,1,1,1,1,1,1,1,1,5,1,7,1,5,3,1,1,49
"310",2,7,7,1,2,1,1,1,1,1,1,1,7,1,3,1,1,1,8,6,1,10,6,3,1,9,1,1,1,46
"311",2,4,9,6,2,2,2,2,2,1,1,1,4,1,1,1,1,1,6,5,9,7,1,1,1,9,1,1,1,52
"312",2,8,8,8,1,1,1,1,1,1,1,1,1,1,1,1,1,4,5,1,10,1,1,1,1,10,1,1,1,60
"313",2,3,2,9,2,4,3,2,7,2,2,6,8,6,2,2,1,1,6,6,6,9,2,6,2,9,5,4,1,25
"314",2,5,4,3,2,4,2,4,3,2,1,5,2,2,3,5,1,1,4,4,6,2,2,5,2,2,6,3,1,28
"315",2,4,4,6,2,3,1,1,4,1,1,7,4,1,1,2,1,1,2,6,2,4,1,3,4,10,4,1,1,18
"316",1,6,5,5,2,1,1,1,3,3,1,2,5,2,2,1,1,1,8,7,1,5,3,1,3,8,1,1,1,28
"317",2,9,7,7,2,3,3,3,4,3,1,2,4,3,4,2,2,1,3,4,2,2,4,4,3,7,4,4,1,38
"318",2,9,7,8,2,3,3,1,2,1,1,4,4,2,2,1,3,2,5,5,1,8,2,3,3,8,3,3,1,31
"319",2,9,9,5,2,1,1,1,1,1,1,1,3,3,1,1,1,1,5,5,3,9,1,2,1,9,1,1,1,36
"320",2,8,8,6,2,5,3,1,3,3,1,3,5,1,1,1,1,1,6,6,3,6,6,3,1,5,3,1,1,34
"321",2,8,6,7,2,1,1,1,2,2,1,1,7,4,1,1,1,1,7,6,1,4,2,1,1,10,1,1,1,48
"322",1,5,1,6,2,6,1,1,1,1,1,1,5,1,1,1,1,1,6,4,4,7,1,3,5,9,1,1,1,45
"323",2,10,8,7,2,6,6,1,6,6,1,3,6,1,1,1,1,1,6,6,1,6,6,3,1,6,1,1,1,46
"324",2,6,6,5,2,2,1,1,1,1,1,1,6,1,3,4,1,1,10,10,5,10,5,5,1,8,1,1,1,50
"325",2,9,9,7,1,1,1,1,1,1,1,1,3,1,1,1,1,1,6,6,1,8,1,6,1,8,1,1,1,60
"326",2,9,9,8,2,1,2,1,3,2,2,2,1,3,2,1,1,1,6,6,2,9,5,5,3,10,3,1,1,29
"327",1,2,6,3,2,3,1,1,1,1,1,3,10,6,4,2,2,2,5,5,5,7,5,6,3,8,3,3,1,21
"328",2,7,6,6,2,6,3,1,1,1,1,5,5,2,1,2,1,1,5,5,1,10,2,5,1,10,3,1,1,38
"329",2,6,2,2,2,4,1,1,1,1,1,1,1,1,1,1,1,1,5,5,1,10,5,1,1,10,1,1,1,31
"330",2,9,9,5,2,2,1,4,5,1,1,2,4,1,5,2,1,2,6,5,2,8,2,5,1,6,3,4,1,49
"331",2,7,7,7,1,1,1,1,2,1,1,2,3,2,2,2,1,1,9,6,2,8,2,2,1,9,2,1,1,45
"332",2,7,7,7,2,1,1,1,1,1,1,1,2,1,1,1,1,1,1,1,1,8,1,1,1,1,1,1,1,71
"333",2,7,5,10,2,1,1,1,1,1,1,1,1,1,1,1,1,1,9,1,1,1,5,1,1,8,1,1,1,26
"334",1,10,10,10,2,1,1,1,1,1,1,1,2,1,1,1,1,1,8,1,1,1,1,1,1,10,1,1,1,28
"335",2,8,8,8,2,2,1,1,1,1,1,1,5,1,1,1,1,1,5,5,1,10,1,1,1,10,5,1,1,38
"336",2,8,9,6,2,3,3,1,2,3,1,6,8,1,2,1,1,1,5,5,5,5,1,3,1,10,2,2,1,40
"337",2,9,7,5,2,5,1,1,3,3,2,5,8,1,1,3,1,1,5,2,1,7,5,6,2,8,4,2,1,58
"338",2,7,10,7,1,2,3,1,1,1,1,1,3,2,1,1,1,1,3,4,3,4,1,8,3,9,3,1,1,45
"339",2,7,6,3,2,4,5,2,2,3,1,5,8,3,4,1,1,1,3,5,4,8,3,5,2,8,4,1,1,24
"340",2,10,10,1,2,1,1,1,1,1,1,1,10,1,1,1,1,1,1,1,1,1,1,1,1,10,1,1,1,32
"341",2,8,9,8,2,1,1,1,1,1,1,1,1,1,1,1,1,1,1,5,1,1,1,1,1,1,1,1,1,59
"342",2,8,10,6,1,3,1,1,3,1,1,4,5,1,3,1,4,1,6,6,1,5,1,5,2,8,4,3,1,80
"343",2,1,1,3,2,1,1,1,6,1,1,1,1,5,4,5,1,1,5,5,2,10,6,1,1,10,1,1,2,28
"344",2,6,5,3,2,3,2,1,1,3,1,1,4,1,1,4,1,1,7,7,8,10,1,7,5,7,1,1,2,28
"345",2,9,5,5,2,2,1,2,3,2,1,2,5,5,3,5,1,1,6,6,6,10,1,5,1,7,1,1,2,20
"346",2,7,7,6,2,1,2,3,3,2,3,4,4,1,2,4,2,1,5,5,1,10,3,3,2,9,4,4,2,39
"347",2,7,5,3,2,1,2,1,1,1,1,1,1,1,1,1,1,1,4,5,1,8,2,3,1,5,1,1,2,40
"348",1,4,3,1,2,1,10,1,1,1,1,1,7,5,8,1,1,1,5,5,1,10,1,1,1,10,1,1,2,39
"349",2,8,8,5,2,1,1,1,1,1,1,1,1,1,1,1,1,1,1,1,1,5,1,4,5,5,1,1,2,45
"350",2,9,10,8,2,1,1,1,1,1,1,1,1,1,1,1,1,1,6,6,6,8,1,4,5,9,1,1,2,45
"351",2,8,8,6,2,1,1,1,1,1,1,1,1,2,1,1,1,1,6,4,8,8,5,4,4,3,2,3,2,18
"352",2,4,8,9,2,3,1,1,1,1,1,1,6,1,1,1,1,1,1,1,1,9,4,1,1,10,1,3,2,20
"353",2,8,9,8,2,2,3,1,2,2,3,1,2,1,1,2,1,2,5,5,1,10,2,5,2,10,2,1,2,26
"354",2,6,5,6,2,7,2,1,2,1,1,1,3,1,1,1,1,1,5,6,1,1,1,3,1,6,1,1,2,43
"355",2,8,8,8,2,2,1,1,3,1,1,1,6,1,1,1,1,1,6,3,1,8,1,3,1,8,2,1,2,35
"356",2,8,6,8,2,2,1,1,2,1,1,3,1,1,3,1,1,1,3,1,1,2,1,10,1,9,2,2,2,30
"357",2,9,10,6,2,1,1,1,1,1,1,6,6,1,1,1,1,1,6,6,1,10,1,6,1,10,1,1,2,45
"358",2,8,6,9,2,1,2,1,3,1,1,2,5,1,2,3,1,1,10,8,1,8,1,1,1,10,1,1,2,55
"359",2,9,7,8,2,3,2,3,2,1,1,1,6,1,1,1,1,1,4,4,1,10,4,4,3,8,4,3,2,63
"360",2,10,7,10,2,1,1,1,1,1,1,3,10,1,1,1,1,1,7,10,1,10,1,5,1,8,1,1,2,25
"361",2,5,5,5,1,1,1,1,1,1,1,1,1,1,1,1,1,1,1,1,1,1,1,1,1,5,1,1,2,38
"362",2,9,6,9,2,3,1,1,3,1,1,1,5,1,1,1,1,1,4,3,1,8,5,3,2,6,3,3,2,45
"363",2,8,9,8,2,1,2,1,2,2,1,7,6,1,2,1,1,1,1,2,1,9,2,5,1,8,3,1,2,48
"364",2,10,5,5,2,1,1,1,1,1,1,1,3,1,1,1,1,1,6,6,1,6,6,4,1,5,3,1,2,53
"365",2,10,5,10,2,1,1,1,1,1,1,5,9,1,1,1,1,1,9,9,1,9,1,2,3,9,1,1,2,28
"366",2,8,8,8,2,1,1,1,1,1,1,3,5,1,3,1,1,3,3,1,1,8,1,1,1,10,1,1,2,40
"367",2,8,7,4,2,2,2,1,2,1,2,1,4,3,4,1,4,2,5,4,2,5,1,3,2,7,5,4,2,59
"368",2,9,7,7,2,1,1,1,1,1,1,1,1,1,1,1,1,1,1,1,1,7,1,1,1,5,1,1,2,62
"369",1,7,6,7,2,1,1,1,1,1,1,2,4,2,3,2,5,3,6,6,1,2,4,4,1,6,5,1,2,58
"370",2,6,10,5,2,1,1,1,1,1,1,1,1,1,1,1,1,1,6,1,1,10,1,1,1,3,1,1,2,62
"371",2,7,9,6,2,1,1,1,1,1,1,2,8,1,1,1,1,1,6,8,1,10,1,1,1,10,2,2,1,26
"372",2,5,8,5,2,1,1,1,1,1,1,1,1,1,1,1,1,1,7,6,1,9,3,1,1,6,2,1,1,28
"373",2,7,6,5,2,1,1,1,1,1,1,1,8,3,1,1,1,1,6,6,3,3,2,3,1,4,3,3,1,21
"374",2,8,6,8,2,1,2,1,1,1,1,1,4,1,1,1,1,1,6,6,6,1,1,4,3,3,4,1,1,20
"375",2,8,8,7,2,1,1,1,1,1,1,3,1,1,1,1,1,1,5,4,6,7,2,3,1,10,2,1,1,19
"376",2,8,8,8,2,1,1,1,1,1,1,5,10,1,1,1,1,1,10,10,1,10,1,1,1,1,1,1,1,42
"377",2,8,10,10,2,1,1,1,1,1,1,1,1,1,1,1,1,1,6,8,3,7,6,1,2,2,1,1,1,31
"378",2,4,6,5,2,1,1,1,1,1,1,1,6,1,1,1,1,1,6,6,1,6,1,2,1,6,3,1,1,43
"379",2,8,8,1,2,1,1,1,1,1,1,1,1,1,1,1,1,1,1,1,5,5,1,1,1,5,1,1,1,35
"380",1,5,7,5,2,1,1,1,3,1,1,1,7,1,1,1,1,1,8,8,2,8,1,1,1,4,2,1,1,49
"381",2,8,8,5,2,1,1,1,2,1,1,7,1,1,1,1,1,1,2,5,5,4,2,7,1,9,3,1,1,45
"382",2,7,8,5,2,1,1,1,1,1,1,1,4,1,1,1,1,1,8,6,1,9,1,1,1,1,1,1,1,54
"383",2,6,7,6,2,1,1,1,2,1,1,7,1,1,1,1,1,1,8,5,5,4,2,7,1,9,3,1,1,62
"384",1,7,7,5,2,1,1,1,1,1,1,2,10,1,1,1,1,1,6,6,1,1,1,2,1,10,1,1,1,37
"385",2,4,3,1,2,1,1,1,1,1,1,1,1,1,1,1,1,1,1,1,1,10,1,1,1,6,1,1,1,54
"386",1,6,7,5,2,1,1,1,1,1,1,4,6,1,1,1,1,1,2,3,1,4,1,1,1,1,1,1,1,58
"387",2,7,7,7,2,1,1,1,1,1,1,1,6,1,1,1,1,1,6,6,3,10,6,1,1,6,1,1,1,48
"388",2,5,5,1,2,1,1,1,1,1,1,6,10,1,1,1,1,1,5,5,5,5,1,1,1,5,1,1,1,71
"389",2,8,9,10,2,1,1,1,1,1,1,1,1,1,1,1,1,1,5,5,1,5,1,1,1,5,1,1,2,28
"390",2,8,7,3,2,1,1,1,1,1,1,1,8,1,1,1,1,1,9,7,1,9,1,1,1,1,1,1,2,18
"391",2,7,7,8,2,1,1,1,4,1,1,8,5,1,1,1,1,1,8,8,2,1,6,1,1,7,1,1,2,28
"392",2,5,7,6,2,1,3,2,5,1,1,5,3,1,1,1,1,1,7,5,8,8,5,3,3,8,3,1,2,35
"393",2,8,8,8,2,1,1,1,3,1,1,1,8,1,1,1,1,1,9,9,1,6,1,1,1,3,1,1,2,33
"394",2,8,6,6,2,1,1,1,1,1,1,5,6,1,1,1,1,1,2,2,1,6,1,1,1,1,1,1,2,35
"395",2,9,7,7,2,1,1,1,1,1,1,1,5,1,1,1,1,1,5,3,1,5,1,4,1,1,1,1,2,48
"396",2,7,3,4,2,1,1,1,1,1,1,1,6,1,1,1,1,1,1,6,1,10,6,1,1,6,1,1,2,47
"397",2,8,4,8,2,1,1,1,1,1,1,7,7,1,1,1,1,1,5,5,1,1,10,1,1,10,1,1,2,24
"398",2,10,8,9,2,1,1,2,4,1,2,3,10,1,2,2,1,1,3,1,1,6,1,2,1,8,2,3,2,34
"399",2,7,6,6,2,1,1,1,1,1,1,5,5,1,1,1,1,1,5,6,1,7,1,1,1,7,1,1,2,58
"400",2,7,3,7,2,1,1,1,1,1,1,1,1,1,1,1,1,1,1,1,2,5,1,6,2,2,1,1,2,68
"401",2,8,4,4,1,2,3,1,6,1,1,5,5,5,1,8,3,1,10,10,5,10,5,10,4,10,1,1,1,25
"402",1,7,8,7,2,2,1,1,1,1,1,3,5,1,1,1,1,1,10,10,8,10,3,7,1,10,1,1,1,27
"403",2,7,6,5,2,1,1,1,1,1,1,1,3,1,1,1,1,1,4,4,1,10,1,4,1,6,1,1,1,24
"404",1,5,7,5,2,6,6,6,6,6,1,6,9,6,6,6,6,6,6,6,6,10,10,6,6,6,1,1,1,22
"405",2,10,6,8,2,1,1,1,1,1,1,1,5,3,1,2,2,2,5,5,5,10,1,1,1,1,1,1,1,35
"406",2,8,9,6,2,1,1,1,1,1,1,1,8,1,1,1,1,1,7,7,7,10,5,3,1,10,1,1,1,36
"407",2,9,8,7,2,1,1,1,1,1,1,1,5,2,2,1,1,1,5,5,1,10,5,1,1,5,1,1,1,33
"408",2,9,9,8,2,6,1,1,1,1,1,5,4,6,1,1,1,1,1,6,6,8,1,5,1,6,4,1,1,34
"409",2,7,6,6,2,1,1,1,1,1,1,1,10,1,1,1,1,1,6,6,1,6,6,1,1,10,1,1,1,56
"410",2,10,10,10,2,1,1,1,1,1,1,1,2,1,1,1,1,1,6,6,1,1,1,3,1,10,1,1,1,53
"411",2,3,8,8,2,1,10,1,1,1,1,1,1,1,1,1,1,1,5,5,2,9,2,1,1,2,1,1,1,46
"412",2,5,8,5,2,1,1,1,1,1,1,1,1,1,1,1,1,1,6,6,1,10,3,3,6,8,1,1,1,66
"413",2,4,7,6,2,1,1,1,3,1,1,3,1,1,1,1,1,1,3,3,1,1,3,1,1,10,1,1,1,26
"414",1,5,10,10,2,5,5,5,5,1,1,5,1,5,5,5,1,1,1,1,5,10,1,5,5,5,5,5,1,29
"415",2,9,4,10,2,1,1,1,1,1,1,1,4,2,1,1,1,1,7,9,1,10,9,4,1,10,1,1,1,18
"416",2,7,6,7,2,10,1,1,1,1,1,1,1,10,1,1,1,1,5,3,1,10,1,1,1,10,1,1,1,20
"417",2,5,5,1,2,1,1,1,1,1,1,1,3,1,1,1,1,1,1,8,2,10,1,1,1,6,1,1,1,36
"418",2,8,6,7,2,5,1,1,1,1,1,1,3,1,1,1,1,1,5,1,1,8,1,1,5,10,1,1,1,30
"419",2,6,7,6,2,2,1,1,1,1,1,1,5,6,6,1,1,1,5,5,5,10,6,6,5,10,1,1,1,35
"420",2,9,9,9,2,1,1,1,1,1,1,1,1,1,1,1,1,1,5,3,3,5,1,4,1,1,1,1,1,36
"421",2,6,5,10,1,1,1,1,1,1,1,1,10,5,1,1,1,1,5,5,5,5,1,5,5,5,1,1,1,56
"422",2,9,9,6,2,1,1,1,1,1,1,1,1,1,1,1,1,1,6,6,1,6,1,1,1,8,1,1,1,49
"423",2,8,8,3,2,1,1,1,1,1,1,1,1,1,1,1,1,1,6,5,1,8,1,1,1,9,1,1,1,56
"424",2,5,10,10,2,1,1,1,1,1,1,1,1,1,1,1,1,1,1,1,1,1,1,1,1,6,1,1,1,52
"425",2,9,3,5,2,1,1,1,1,1,1,1,2,1,1,1,1,1,4,5,1,3,1,1,1,2,1,1,1,62
"426",1,9,9,8,2,7,7,7,2,2,3,2,2,4,4,2,2,4,2,2,4,9,2,3,2,2,4,2,1,25
"427",1,8,2,1,2,1,1,1,1,1,1,5,9,3,5,1,1,1,6,6,1,6,7,6,1,9,1,1,1,26
"428",1,5,3,5,2,1,1,1,1,1,1,6,1,1,1,1,1,1,6,6,1,10,1,5,1,6,1,1,1,30
"429",2,3,4,2,2,1,1,3,1,1,1,6,4,1,5,1,1,1,5,6,5,10,1,6,1,6,1,1,1,40
"430",2,10,8,10,2,1,1,1,1,1,1,1,1,1,1,1,1,1,5,5,10,10,1,1,1,10,1,1,1,54
"431",2,8,10,8,2,1,1,1,1,1,1,1,1,1,1,1,1,1,3,8,3,3,5,1,1,8,1,1,1,45
"432",2,9,9,4,1,1,1,1,1,1,1,1,2,1,1,1,1,1,6,5,2,8,2,2,6,9,2,2,1,60
"433",2,4,7,7,2,1,1,1,1,1,1,1,4,1,1,1,1,1,3,2,1,6,1,1,1,10,2,1,1,27
"434",1,6,10,9,2,2,2,1,1,1,1,4,6,5,4,1,1,1,6,6,5,9,3,3,3,9,2,1,1,26
"435",2,6,8,5,2,1,1,1,1,1,1,5,6,6,1,1,1,1,5,5,1,4,6,5,1,10,1,1,1,38
"436",1,4,10,10,2,1,1,1,1,1,1,1,10,1,1,1,1,1,5,1,1,1,1,1,1,10,1,1,1,34
"437",2,6,9,6,2,3,2,2,2,3,1,2,4,2,2,1,1,1,3,1,6,9,6,4,2,8,3,2,1,57
"438",2,8,8,8,2,3,1,1,4,3,3,2,6,5,3,4,1,2,5,5,2,10,1,4,1,10,1,1,1,57
"439",2,9,6,10,1,2,2,2,2,1,1,2,2,2,2,1,1,2,5,5,1,1,2,2,2,9,2,2,1,19
"440",2,3,6,1,2,1,1,1,1,1,1,1,1,1,1,1,1,1,6,6,1,1,1,1,1,1,1,1,1,43
"441",1,3,4,3,1,1,1,1,3,1,2,5,2,2,1,1,1,2,5,5,5,1,2,2,5,9,1,1,1,48
"442",2,10,8,6,2,1,1,1,1,1,1,1,1,1,1,1,1,1,1,5,1,1,1,1,1,10,1,1,1,66
"443",2,6,6,5,2,1,1,1,1,1,1,1,5,1,1,1,1,1,10,10,6,10,6,1,1,1,1,1,2,28
"444",1,1,1,6,2,10,1,10,10,1,1,5,10,1,1,1,1,1,1,1,5,10,10,5,1,10,1,1,2,21
"445",2,5,3,6,2,1,1,1,1,1,1,1,5,1,1,3,1,1,6,1,1,10,4,6,1,1,1,1,2,22
"446",2,9,9,7,2,1,1,1,1,1,1,1,5,1,1,1,1,1,5,5,4,7,1,1,1,1,1,1,2,33
"447",2,9,9,7,2,1,1,1,1,1,1,1,1,1,1,1,1,1,5,5,5,8,1,1,1,5,1,1,2,35
"448",2,7,8,3,2,1,1,1,1,1,1,1,5,2,3,1,1,1,5,5,3,10,3,5,2,9,2,1,2,34
"449",2,8,7,6,1,1,1,1,1,1,1,1,1,1,1,1,1,1,3,3,1,7,1,1,1,8,1,1,2,49
"450",2,9,8,9,2,1,1,1,1,1,1,1,5,1,1,1,1,1,6,6,1,6,1,1,1,6,1,1,2,54
"451",2,10,8,5,2,5,1,1,1,1,1,1,1,5,2,3,1,1,5,5,4,10,1,5,1,10,1,1,2,18
"452",2,5,3,5,2,1,1,1,2,1,1,2,7,3,1,1,1,1,2,6,3,10,1,2,1,9,2,2,2,19
"453",2,2,8,5,2,6,1,1,1,1,1,1,5,1,1,1,1,1,5,5,1,4,5,1,1,5,1,1,2,21
"454",2,8,6,7,2,1,1,1,1,1,1,1,4,1,1,1,1,1,6,1,1,8,1,1,1,3,1,1,2,44
"455",2,5,6,5,2,1,10,1,1,1,1,1,1,1,3,1,1,1,1,3,1,4,1,3,1,7,1,1,2,35
"456",1,5,7,1,2,1,1,1,1,1,1,1,3,2,3,1,1,1,3,2,3,10,1,1,1,10,1,1,2,36
"457",2,3,5,6,2,1,1,1,1,1,1,2,3,10,1,1,1,1,5,7,5,2,1,3,1,10,1,1,2,53
"458",2,8,7,7,2,1,1,1,1,1,1,1,5,1,1,1,1,1,5,5,3,8,1,1,1,8,1,1,2,59
"459",2,10,10,10,2,1,1,1,1,1,1,1,1,1,1,1,1,1,10,5,1,10,1,1,1,8,1,1,2,67
"460",2,10,9,10,2,1,1,1,1,1,1,1,1,1,1,1,1,1,5,5,1,5,1,1,1,5,1,1,2,24
"461",2,8,8,6,2,3,1,1,1,1,1,1,1,3,1,1,1,1,5,6,2,10,1,1,1,8,1,1,2,35
"462",2,5,5,1,2,3,1,1,1,1,1,1,1,1,1,1,1,1,4,10,1,10,1,3,1,10,1,1,2,48
"463",2,8,8,10,2,1,1,1,1,1,1,1,1,1,1,1,1,1,5,6,1,1,1,1,1,6,1,1,2,45
"464",1,4,1,4,2,2,2,1,1,1,1,1,2,2,1,1,1,1,5,5,5,8,8,3,2,9,2,2,2,48
"465",2,5,10,10,2,1,1,1,1,1,1,1,10,1,1,1,1,1,1,1,5,10,1,1,1,10,1,1,2,25
"466",2,9,9,7,2,1,1,1,1,1,1,1,1,1,1,1,1,1,6,6,1,6,1,1,1,10,1,1,2,39
"467",2,4,8,6,1,7,2,2,2,1,1,8,4,5,5,5,5,1,6,9,9,1,6,4,7,10,5,2,2,48
"468",2,8,8,8,2,1,1,1,1,1,1,1,5,1,1,1,1,1,5,5,1,5,5,1,1,8,1,1,2,61
"469",1,7,2,4,2,4,1,1,1,1,1,1,3,1,2,1,1,1,3,3,4,5,1,3,1,2,1,1,2,58
"470",2,8,4,2,1,1,3,1,2,1,1,7,6,1,1,1,1,1,2,1,1,7,3,3,2,8,7,1,2,81
"471",2,9,9,9,2,1,1,1,1,1,1,1,1,1,1,1,1,1,1,3,1,1,1,1,1,6,2,1,1,26
"472",2,10,7,1,2,1,1,1,1,1,1,1,1,1,1,1,1,1,1,1,1,1,1,1,1,10,1,1,1,21
"473",2,8,6,5,1,1,1,1,1,1,1,1,2,1,2,1,1,1,5,5,3,5,5,5,1,10,1,1,1,25
"474",2,7,8,8,2,1,1,1,1,1,1,1,1,1,1,1,1,1,5,1,1,10,1,1,1,7,1,1,1,28
"475",1,5,6,10,2,1,1,1,1,5,1,1,1,5,5,1,1,1,5,5,5,10,5,5,1,10,1,1,1,18
"476",1,7,5,3,2,1,1,1,1,1,1,1,4,1,1,1,5,1,1,1,1,10,3,1,1,10,1,1,1,31
"477",2,3,10,4,2,1,1,1,1,1,1,1,6,1,1,1,1,1,5,6,1,6,1,1,1,8,1,1,1,34
"478",2,9,1,7,2,1,1,1,1,1,1,1,1,1,1,1,1,1,4,3,1,3,1,2,1,6,3,2,1,32
"479",2,7,5,5,2,1,1,1,1,1,1,1,1,1,1,1,1,1,5,1,1,5,1,1,1,5,1,1,1,40
"480",2,8,9,6,2,1,1,1,1,1,1,1,1,1,1,1,1,1,5,5,1,6,1,1,1,4,1,1,1,45
"481",2,10,7,5,2,1,1,1,1,1,1,1,1,1,1,1,1,1,1,1,1,1,1,1,1,10,1,1,1,49
"482",2,8,9,8,2,1,1,1,1,1,1,1,1,2,2,1,1,1,5,5,1,2,1,1,1,1,1,1,1,45
"483",2,6,7,4,2,1,1,1,1,1,1,2,8,5,3,1,1,1,5,5,2,6,4,5,1,7,2,1,1,68
"484",1,9,9,7,2,1,1,1,1,1,1,1,1,1,1,1,1,1,5,6,1,5,1,1,1,3,1,1,1,37
"485",2,7,7,5,2,1,1,1,1,1,1,1,1,1,1,1,1,1,1,1,1,1,1,1,1,8,1,1,1,46
"486",2,9,9,9,2,1,1,1,1,1,1,2,2,1,1,1,1,1,6,6,1,2,2,2,1,9,2,1,1,47
"487",2,10,10,10,2,10,1,1,1,1,1,1,1,1,1,1,1,1,5,5,1,1,1,1,1,6,1,1,1,46
"488",2,10,10,10,2,1,1,1,1,1,1,2,5,1,3,1,1,1,5,5,1,10,4,10,2,9,2,4,1,60
"489",2,7,8,7,2,1,1,2,1,1,1,1,3,1,1,3,1,1,1,3,3,6,2,1,2,9,2,1,2,25
"490",2,6,6,7,2,1,1,1,1,1,1,3,3,4,1,1,1,1,6,6,1,10,6,3,1,6,1,1,2,19
"491",2,6,6,3,2,1,1,1,1,1,1,1,1,1,1,1,1,1,5,5,1,8,4,3,1,1,1,1,2,29
"492",1,9,10,6,2,1,1,1,1,1,1,1,1,1,1,1,1,1,6,10,1,5,1,1,1,5,1,1,2,30
"493",2,10,8,7,2,1,1,1,1,1,1,2,2,1,1,1,1,1,3,2,2,1,1,1,1,10,1,1,2,30
"494",2,9,9,8,2,1,1,1,1,1,1,1,1,1,1,1,1,1,1,1,1,1,1,1,1,1,1,1,2,37
"495",2,10,10,4,2,2,2,1,1,1,2,1,2,1,1,1,2,1,5,5,3,3,2,2,4,5,2,1,2,45
"496",2,6,5,1,2,1,1,1,1,1,1,1,6,1,1,1,1,1,5,1,1,1,1,1,1,4,1,1,2,49
"497",2,10,8,10,2,1,1,1,1,1,1,1,3,1,1,1,1,1,5,4,5,5,1,1,1,8,1,1,2,28
"498",2,10,10,10,2,2,5,1,1,1,1,1,1,1,1,1,1,1,5,5,5,1,1,1,1,5,1,1,2,43
"499",2,6,5,6,2,2,3,2,2,2,1,1,6,1,1,1,1,1,1,5,1,6,3,1,1,7,1,1,2,50
"500",2,10,10,6,2,1,1,1,1,1,1,1,1,1,1,1,1,1,6,6,1,1,1,1,1,6,1,1,2,59
"501",2,6,8,3,2,1,1,3,4,2,1,3,2,3,3,1,2,1,5,5,2,9,2,7,2,10,1,1,1,23
"502",2,5,10,3,2,1,1,1,1,1,1,1,1,3,1,1,1,1,2,2,2,1,1,1,1,1,1,1,1,28
"503",2,9,9,9,2,1,1,1,1,1,1,1,1,1,1,1,1,1,1,2,3,2,1,3,1,8,1,1,1,26
"504",2,7,6,3,2,3,7,1,1,1,1,5,1,6,1,1,1,1,6,6,7,10,6,6,6,10,1,1,1,21
"505",2,9,3,1,2,1,1,1,1,1,1,1,1,1,1,2,1,1,3,5,6,8,5,7,2,9,1,1,1,31
"506",2,8,7,6,2,4,1,2,3,3,3,3,4,6,6,2,2,2,6,6,6,8,6,5,1,10,1,3,1,38
"507",2,5,5,5,2,1,1,4,1,1,1,1,4,4,4,1,1,1,8,6,4,8,4,4,6,8,3,4,1,34
"508",2,8,7,7,2,1,1,1,1,1,1,1,1,1,1,1,1,1,5,5,1,5,1,5,1,10,1,1,1,36
"509",1,8,8,8,2,1,1,1,1,1,1,1,4,1,1,1,1,1,5,5,3,8,3,1,1,9,1,1,1,57
"510",1,4,5,5,1,1,1,1,1,1,1,1,5,4,1,1,1,1,4,6,5,6,3,1,5,10,1,1,1,47
"511",2,9,7,3,2,3,3,1,5,2,2,1,9,1,1,1,2,1,10,5,5,5,5,4,3,6,1,3,1,50
"512",2,10,5,8,1,1,1,1,1,1,1,1,1,1,1,1,1,1,5,5,5,10,5,1,1,10,1,1,1,62
"513",2,6,5,4,1,9,1,5,1,1,1,3,7,3,6,4,1,3,3,5,3,10,1,8,8,10,1,1,1,27
"514",2,7,7,6,2,1,7,10,9,8,1,9,9,8,9,1,1,5,6,7,10,10,5,8,5,6,5,2,1,26
"515",2,7,9,9,2,1,1,1,1,1,1,1,10,1,1,1,1,1,1,1,1,10,1,2,3,10,1,1,1,18
"516",2,6,8,3,2,2,1,3,3,3,1,4,6,1,1,1,1,3,4,6,3,10,3,6,4,10,1,1,1,26
"517",1,6,4,6,2,1,1,6,1,1,1,1,1,1,1,1,1,1,6,5,6,10,1,1,1,10,1,1,1,38
"518",2,5,9,7,2,1,1,1,1,1,1,1,6,1,6,1,1,1,6,6,6,1,6,1,1,1,1,1,1,43
"519",2,10,9,10,2,1,1,1,5,1,1,6,8,5,2,5,1,2,5,6,8,10,1,6,1,10,1,1,1,30
"520",2,8,8,1,2,1,1,1,1,1,1,1,1,1,1,1,1,1,1,5,1,5,1,1,1,5,1,1,1,39
"521",2,6,10,6,1,1,1,1,1,1,1,1,1,1,1,1,1,1,5,5,1,5,5,5,1,5,1,1,1,47
"522",2,9,7,8,2,1,1,1,1,1,1,3,3,1,2,1,1,1,5,4,2,8,4,3,1,10,2,1,1,55
"523",2,7,1,5,1,1,1,1,1,1,1,1,1,1,1,1,1,1,1,4,7,9,4,6,2,8,3,1,1,46
"524",2,7,7,7,2,2,4,1,4,2,1,5,8,1,1,1,1,3,8,6,4,9,3,5,2,10,1,2,1,50
"525",1,5,6,7,2,2,1,2,2,2,1,2,3,1,3,1,1,1,4,5,3,10,5,3,2,7,2,3,1,65
"526",2,7,6,5,2,2,1,2,2,2,2,3,4,6,6,3,4,3,6,6,6,8,8,6,3,8,1,3,1,27
"527",2,1,1,1,2,1,1,1,1,1,1,6,10,1,6,1,1,1,6,6,6,10,6,1,1,1,1,1,1,21
"528",2,6,6,4,2,8,8,1,1,1,1,9,1,8,2,5,1,1,6,5,8,5,5,5,2,10,2,1,1,36
"529",1,1,3,1,1,2,6,10,7,7,1,9,9,8,7,7,3,3,5,8,8,8,2,10,3,10,2,2,1,31
"530",2,8,7,8,2,1,1,1,1,1,1,1,1,1,1,1,1,1,6,1,1,1,1,1,1,10,1,1,1,50
"531",2,7,4,4,1,1,1,6,1,1,1,4,4,4,4,4,1,1,5,4,2,2,1,5,3,10,2,3,1,45
"532",2,5,5,6,1,2,3,4,4,1,1,10,8,1,1,1,1,1,6,6,5,10,4,3,1,8,4,3,1,61
"533",2,6,5,1,2,1,1,1,1,1,1,5,1,1,1,1,1,1,6,6,6,10,6,6,1,6,1,1,1,24
"534",2,10,5,1,2,6,1,1,1,1,1,6,6,6,6,1,1,1,6,6,6,10,6,6,6,10,1,1,1,25
"535",2,4,4,3,2,1,5,8,8,7,1,8,8,6,6,2,1,1,6,7,7,8,8,8,3,10,5,2,1,32
"536",2,5,1,1,2,1,1,1,1,1,1,1,1,1,1,1,1,1,1,1,1,10,1,6,1,10,1,1,1,33
"537",1,6,9,1,2,5,1,1,5,1,1,5,5,1,1,5,1,1,5,5,1,5,1,5,1,5,1,1,1,49
"538",2,10,10,8,1,6,3,5,6,6,1,5,7,7,4,2,2,3,4,4,1,5,5,8,6,7,2,2,1,50
"539",2,10,10,5,2,1,1,6,6,1,1,6,10,1,1,1,1,6,6,6,6,10,6,6,6,10,1,1,1,25
"540",2,5,8,6,2,1,1,1,1,1,1,1,1,1,1,1,1,1,5,5,1,1,5,5,1,10,1,1,1,42
"541",1,8,6,7,2,3,2,4,5,6,2,5,6,1,1,3,2,1,4,1,5,8,4,6,1,9,6,2,1,52
"542",2,6,9,8,1,1,3,1,2,1,1,2,10,1,9,2,1,2,5,5,2,10,2,8,5,5,2,1,1,61
"543",2,9,10,7,2,1,1,1,1,1,1,1,1,1,1,1,1,1,1,1,1,4,1,1,1,6,1,1,2,24
"544",2,8,4,2,2,3,1,6,6,2,1,7,8,3,6,1,1,1,6,6,6,10,4,5,3,8,1,1,2,26
"545",2,6,5,6,2,4,1,5,1,1,1,5,5,2,2,5,1,1,1,1,5,5,1,5,2,10,1,2,2,23
"546",2,5,5,5,2,1,1,1,6,1,1,1,6,1,1,1,1,1,6,6,1,1,1,6,1,10,1,1,2,38
"547",2,6,4,5,2,1,2,1,1,1,1,1,10,1,1,5,1,1,10,10,1,10,3,6,1,10,1,1,2,33
"548",1,8,8,6,1,1,1,1,1,1,1,1,1,1,4,1,1,1,5,5,1,1,1,1,1,5,1,1,2,37
"549",2,6,8,4,2,1,1,1,1,1,1,1,1,1,1,1,1,1,6,6,6,10,6,1,1,5,1,1,2,53
"550",2,8,7,5,1,8,6,1,1,1,1,3,6,1,1,1,1,1,6,6,6,8,1,6,1,8,1,1,2,49
"551",2,5,8,8,2,1,1,1,1,1,1,3,8,4,1,1,1,1,3,6,2,10,3,3,1,10,1,1,2,18
"552",2,6,8,7,2,3,6,6,1,1,1,5,1,1,1,1,1,1,1,1,1,10,1,10,1,10,1,1,2,23
"553",1,7,5,6,2,1,1,1,1,1,1,5,5,1,1,1,1,1,5,5,5,1,1,1,1,5,1,1,2,24
"554",2,7,2,4,2,3,1,1,1,1,1,1,1,1,1,1,1,1,5,5,5,1,1,1,1,4,3,1,2,35
"555",2,10,10,10,2,1,1,1,1,1,1,1,1,1,1,1,1,1,8,6,1,5,3,4,5,9,8,1,2,35
"556",2,9,8,5,2,1,1,1,1,1,1,1,5,1,1,1,1,1,5,5,5,5,1,1,1,5,1,1,2,35
"557",2,5,1,5,2,6,1,1,1,1,1,1,1,1,1,1,1,1,6,6,1,7,1,1,1,6,1,1,2,46
"558",2,5,4,2,2,1,1,1,1,1,1,1,6,3,1,1,1,1,5,5,5,8,1,3,1,6,1,1,2,51
"559",2,9,8,9,2,1,1,1,1,1,1,1,1,1,1,1,1,1,7,7,3,5,4,2,1,7,1,1,2,62
"560",2,6,5,5,2,1,1,1,1,1,1,1,1,1,1,1,1,1,5,5,5,4,1,1,1,1,1,1,2,23
"561",1,6,4,5,2,2,1,1,1,1,1,8,10,1,5,1,1,1,5,6,5,1,3,8,1,6,8,1,2,30
"562",1,8,7,9,2,1,1,1,1,1,1,1,1,1,1,1,1,1,4,6,1,1,1,1,1,4,3,1,2,45
"563",2,7,5,5,2,1,1,1,1,1,1,1,1,1,1,1,1,1,6,6,6,10,1,6,3,8,1,1,2,48
"564",2,7,4,5,2,5,4,1,1,3,1,3,7,6,6,1,1,1,6,6,6,6,6,4,3,8,3,2,2,46
"565",2,3,3,8,2,1,5,1,1,1,1,1,1,1,1,1,1,1,5,5,1,10,1,3,1,1,1,1,2,25
"566",2,5,9,3,2,1,1,1,5,1,10,1,5,5,1,1,1,1,10,10,5,10,6,10,1,10,1,1,2,42
"567",1,1,1,5,2,1,1,1,1,1,1,6,6,1,1,1,1,1,6,3,6,6,6,6,5,8,6,1,2,58
"568",2,5,4,5,2,1,1,1,1,1,1,1,7,1,1,1,1,1,5,5,1,5,1,1,5,1,1,1,2,67
"569",2,5,4,3,2,1,1,3,1,1,1,5,4,1,1,1,1,1,1,1,1,9,5,2,1,10,2,1,2,56
"570",2,8,8,5,2,1,1,1,1,1,1,1,1,1,1,1,1,1,1,1,4,4,1,1,1,1,3,1,2,63
"571",2,6,8,5,2,4,1,1,1,1,1,1,3,1,1,1,1,1,1,3,1,1,3,3,3,3,1,1,1,27
"572",2,5,8,4,2,10,1,6,3,5,1,4,2,5,1,1,6,1,7,6,5,7,3,6,4,9,5,4,1,26
"573",2,7,9,7,2,1,2,1,5,3,1,6,8,5,6,2,1,2,9,8,3,10,4,5,4,8,1,1,1,25
"574",2,4,1,6,2,1,1,3,5,4,6,4,10,7,5,3,4,1,6,4,9,5,5,5,4,8,3,4,1,18
"575",1,9,6,8,2,6,1,3,2,1,1,5,3,1,1,3,1,1,6,4,4,4,1,3,2,8,1,1,1,28
"576",2,5,8,5,2,1,1,1,1,1,1,2,2,1,2,1,1,1,3,3,3,10,2,3,1,10,1,2,1,33
"577",1,6,9,6,2,2,1,1,3,1,1,5,3,1,3,1,1,1,5,5,3,2,1,4,1,8,3,1,1,30
"578",2,5,2,4,2,3,1,6,1,1,1,4,3,1,1,7,1,1,1,3,4,9,1,3,2,10,3,1,1,30
"579",1,6,6,6,2,4,4,3,4,4,1,1,2,6,6,3,1,4,8,7,7,9,1,9,3,9,5,1,1,26
"580",2,8,6,1,2,1,1,1,1,1,1,1,8,8,3,3,1,1,5,5,3,5,2,5,3,8,1,1,1,44
"581",2,10,10,5,1,1,1,1,1,1,1,2,2,1,2,1,1,1,2,2,2,10,1,4,2,10,3,3,1,45
"582",1,7,5,1,2,1,1,1,1,1,1,6,6,1,1,1,1,1,10,6,1,1,6,6,1,10,1,1,1,47
"583",2,8,7,4,1,1,1,1,1,1,1,1,1,1,1,1,1,1,1,6,1,10,1,1,1,6,1,1,1,66
"584",1,10,10,6,2,3,3,2,2,1,1,4,2,1,2,1,1,1,4,3,2,1,3,2,2,7,2,2,1,38
"585",2,10,8,7,2,1,1,1,1,1,1,1,5,1,1,1,1,1,5,5,1,1,1,1,2,9,2,1,1,53
"586",2,10,5,10,2,3,1,1,3,1,1,6,1,1,2,1,1,1,2,6,1,1,1,2,1,10,1,1,1,58
"587",2,8,8,8,2,1,1,1,1,1,1,1,1,3,3,2,1,1,1,1,3,1,4,2,3,1,1,1,1,45
"588",2,5,10,3,2,1,1,1,1,1,1,4,8,1,3,1,1,1,5,1,3,10,4,1,1,8,3,1,1,66
"589",2,8,6,7,2,10,1,1,1,1,1,1,8,1,1,1,1,1,1,6,6,10,1,1,1,10,1,1,2,28
"590",2,5,10,8,2,1,1,1,1,1,1,2,1,1,1,1,1,1,2,4,3,7,5,3,1,10,1,1,2,18
"591",1,7,10,10,2,4,3,3,4,3,1,2,1,1,1,1,1,1,8,10,1,9,1,4,1,9,3,1,2,22
"592",2,10,8,3,1,1,1,1,1,1,1,9,3,1,1,1,1,1,5,2,3,10,1,3,1,9,1,1,2,30
"593",1,3,3,4,2,1,2,2,6,3,1,2,2,1,2,2,1,1,8,6,6,6,3,4,3,9,2,2,2,31
"594",2,8,8,3,2,1,1,5,4,3,1,7,4,2,2,2,1,1,4,3,2,8,2,4,2,9,2,2,2,20
"595",1,7,6,6,2,1,1,1,2,1,1,1,2,5,4,1,1,1,6,5,2,10,6,4,6,9,1,1,2,33
"596",2,10,10,8,2,1,2,3,5,1,1,4,3,1,1,1,1,1,1,1,2,10,1,3,1,6,1,1,2,48
"597",2,1,6,4,2,5,4,5,4,3,1,1,2,2,2,1,3,1,6,5,1,10,2,1,5,10,1,1,2,21
"598",2,5,2,3,2,3,2,1,1,1,1,6,6,1,6,1,1,1,6,6,1,6,1,6,1,10,1,1,2,31
"599",2,5,8,5,2,3,1,3,1,2,1,4,8,1,1,2,1,1,6,2,3,8,3,6,2,8,3,1,2,56
"600",2,9,7,6,2,1,1,1,1,1,1,5,1,1,1,1,1,1,5,2,1,10,1,4,1,4,2,1,2,60
"601",2,5,7,7,2,1,3,6,1,1,1,2,3,6,1,1,1,6,6,6,1,10,1,4,7,3,1,1,1,26
"602",1,5,7,5,1,4,1,1,1,1,1,6,10,6,6,1,3,4,6,10,6,8,2,1,1,10,1,1,1,27
"603",2,8,6,6,2,1,1,1,1,1,1,1,1,4,1,1,1,1,5,5,4,4,1,1,1,8,1,1,1,27
"604",2,6,6,7,2,1,1,1,1,1,1,1,1,1,1,1,1,1,8,6,6,9,6,1,1,10,1,1,1,24
"605",2,7,7,5,2,1,1,1,1,1,1,2,7,1,1,1,1,1,5,5,3,10,1,1,1,8,1,1,1,31
"606",1,1,8,1,2,3,1,3,1,1,1,2,5,8,8,2,1,10,7,8,9,1,8,10,2,1,1,1,1,32
"607",2,8,9,9,2,1,1,1,1,1,1,1,4,1,1,1,1,1,6,8,6,10,3,3,1,10,1,1,1,35
"608",2,8,7,5,2,1,1,1,1,1,1,1,3,1,1,1,1,1,6,3,1,3,4,3,1,3,1,1,1,31
"609",2,8,8,7,2,1,1,1,1,1,1,1,3,3,1,1,1,1,8,8,2,7,3,5,4,8,1,1,1,56
"610",1,7,8,8,2,1,1,1,1,1,1,1,3,1,1,1,1,1,5,5,1,8,2,2,1,3,1,1,1,57
"611",1,4,3,5,2,1,1,1,5,1,1,6,8,1,2,1,1,1,2,3,1,10,6,6,1,10,1,1,1,45
"612",2,8,8,8,1,1,2,3,3,1,1,3,9,1,1,1,1,1,4,10,8,10,1,1,3,10,1,1,1,60
"613",2,7,10,8,2,1,5,2,4,1,1,1,4,5,5,1,1,1,5,5,1,10,1,3,1,7,1,4,1,25
"614",1,6,6,7,2,2,3,7,5,5,1,5,5,5,5,5,1,1,5,5,4,9,6,5,4,8,4,3,1,26
"615",2,8,6,4,2,1,1,1,1,1,1,1,5,1,1,1,1,1,6,5,1,5,1,1,1,10,1,1,1,18
"616",2,6,6,6,2,1,1,1,1,1,1,1,4,1,1,1,1,1,5,6,5,6,7,5,2,9,1,1,1,24
"617",2,7,8,2,2,3,2,3,7,3,1,2,3,5,9,1,1,3,5,5,6,10,5,7,9,7,1,1,1,35
"618",2,7,3,4,2,1,1,1,1,1,1,1,10,1,1,1,1,1,10,10,10,10,1,1,1,10,1,1,1,31
"619",2,5,5,6,2,1,1,1,5,1,1,3,5,3,1,1,1,1,5,8,3,10,1,5,1,8,3,1,1,35
"620",2,8,3,7,2,1,1,1,5,4,1,1,3,2,4,1,5,1,6,10,1,10,4,5,3,2,2,1,1,30
"621",2,9,10,9,2,2,2,2,3,2,1,1,5,4,3,2,2,1,5,5,5,8,5,3,1,8,2,2,1,52
"622",2,7,8,7,2,1,1,1,4,4,1,8,5,5,5,1,1,1,6,4,7,2,3,5,5,3,1,1,1,46
"623",2,9,5,7,2,1,1,1,1,1,1,1,1,1,1,1,1,1,1,1,1,10,1,1,1,3,1,1,1,53
"624",2,1,7,2,2,8,7,1,1,1,1,8,10,10,3,7,10,10,8,5,10,1,10,5,1,4,1,1,1,46
"625",2,8,7,6,2,1,1,1,1,1,1,1,8,2,2,1,1,1,5,5,3,10,5,1,4,9,1,1,1,62
"626",2,9,8,1,2,1,3,1,2,1,1,6,1,1,1,1,1,1,1,5,1,10,1,1,1,10,1,1,1,29
"627",2,8,9,3,2,1,1,1,1,1,1,1,10,1,1,1,1,1,5,5,2,9,1,3,3,3,1,2,1,32
"628",1,7,5,5,2,1,6,9,7,8,1,9,8,6,7,2,1,1,1,1,10,6,10,7,4,5,9,9,1,46
"629",2,8,5,3,2,1,3,1,2,1,1,1,6,4,2,1,3,1,6,7,3,8,2,5,6,7,3,2,1,64
"630",1,6,3,4,2,1,1,1,1,1,1,1,5,5,2,2,1,1,5,5,2,8,5,5,5,2,2,2,2,29
"631",2,9,9,8,2,1,1,1,5,1,1,4,3,2,3,1,1,1,5,5,3,10,4,1,1,10,1,1,2,27
"632",1,5,9,1,2,1,1,1,1,1,1,1,1,1,1,1,1,1,1,1,1,10,1,1,1,10,1,1,2,24
"633",2,4,4,5,2,1,5,1,1,1,1,2,8,4,1,1,1,1,6,7,5,5,3,2,1,5,2,1,2,31
"634",2,8,7,6,2,1,1,1,2,3,1,1,6,1,2,2,1,1,6,6,4,10,4,2,1,10,1,1,2,41
"635",2,7,7,8,2,4,1,1,4,1,1,7,8,1,1,3,4,1,5,5,5,10,3,3,6,8,1,1,2,33
"636",2,7,6,6,2,1,1,1,1,1,1,1,5,1,1,1,1,1,5,5,5,10,5,1,1,7,1,1,2,50
"637",2,4,6,3,2,1,1,1,1,1,1,1,1,1,1,1,1,1,6,6,2,9,2,1,1,9,2,2,2,50
"638",1,10,10,10,2,4,9,9,9,4,1,8,9,7,7,1,1,3,10,10,10,10,5,9,9,8,6,2,2,29
"639",2,8,8,3,2,1,1,1,4,4,1,1,10,1,1,1,1,1,5,5,3,8,2,2,1,2,1,2,2,41
"640",2,8,9,8,2,2,1,1,1,1,1,2,2,1,1,1,1,1,1,1,1,1,1,2,1,1,1,1,2,49
"641",2,8,9,9,2,1,1,1,1,1,1,2,10,1,1,1,1,1,4,5,5,10,1,1,4,9,1,1,2,48
"642",2,6,8,6,1,1,1,1,1,1,1,3,1,1,1,1,1,1,1,5,1,1,1,1,1,10,1,1,2,48
"643",2,8,6,8,2,1,1,1,1,1,1,1,1,1,1,1,1,1,2,3,2,1,1,3,1,4,2,1,2,24
"644",2,8,9,9,2,1,1,1,1,1,1,1,5,1,1,1,1,1,1,1,1,10,1,1,1,5,1,1,2,39
"645",2,6,7,5,2,1,1,1,1,1,1,1,5,1,6,1,1,1,5,5,1,10,6,3,4,6,1,1,2,57
"646",2,9,10,10,2,1,1,1,1,1,1,1,3,1,1,1,1,1,3,4,1,10,1,1,1,4,1,1,2,65
"647",2,10,10,10,2,1,1,1,1,1,1,1,5,1,1,1,1,1,9,6,1,10,1,1,1,1,1,1,2,59
"648",2,8,7,6,2,1,1,1,1,1,1,1,6,1,1,1,1,1,7,7,1,10,3,5,1,9,1,1,2,62
"649",2,5,4,3,2,6,1,1,1,1,1,1,1,6,1,1,1,1,6,6,1,10,6,1,5,6,1,1,1,20
"650",1,7,6,7,2,1,1,3,2,3,1,4,3,3,4,2,1,1,4,5,2,9,1,3,4,8,3,1,1,27
"651",2,6,6,1,2,1,1,1,1,1,1,5,1,1,1,1,6,1,6,5,1,1,1,4,1,10,1,1,1,28
"652",2,7,7,5,2,1,1,1,1,1,1,6,1,1,6,1,1,1,5,6,1,9,6,1,10,2,2,1,1,28
"653",1,3,9,3,2,4,2,1,2,1,1,4,1,2,1,1,1,1,4,5,3,8,2,2,1,9,1,1,1,20
"654",2,8,9,6,2,1,1,1,1,1,1,8,1,1,1,1,1,1,1,1,1,4,1,1,1,9,1,1,1,42
"655",2,6,6,5,2,1,1,1,1,1,1,6,1,1,1,1,1,1,6,1,1,1,1,1,1,10,1,1,1,42
"656",2,1,10,10,2,1,1,1,2,2,1,5,6,1,1,1,1,1,5,5,1,5,5,2,2,5,2,1,1,36
"657",2,8,5,5,2,1,1,5,1,1,1,6,4,1,1,1,1,1,6,4,5,1,10,1,1,10,1,1,1,35
"658",2,6,6,2,2,1,1,3,1,1,1,4,8,3,5,1,1,1,6,6,6,7,3,1,1,10,2,1,1,50
"659",2,1,1,1,2,1,2,1,1,1,1,1,3,1,1,1,1,1,3,1,5,10,1,3,1,10,1,1,1,51
"660",2,1,8,5,2,1,2,1,2,1,1,6,1,1,1,2,1,1,3,3,2,2,1,1,1,10,2,1,1,49
"661",2,7,10,7,2,4,3,1,1,1,1,4,6,2,3,1,1,1,6,3,1,9,1,3,1,9,1,2,1,67
"662",2,6,8,6,2,1,1,1,4,5,1,10,10,1,1,1,1,1,9,6,10,5,10,1,4,10,4,5,2,23
"663",1,5,1,1,2,2,1,2,9,1,1,6,8,1,6,2,1,1,7,3,2,8,1,3,2,8,2,1,2,18
"664",2,8,8,8,2,3,3,1,2,10,1,3,4,6,8,1,1,1,5,6,2,1,3,1,2,1,10,10,2,25
"665",2,2,9,4,2,2,1,1,1,1,1,6,1,3,2,1,1,1,2,5,2,4,1,2,1,9,1,1,2,30
"666",2,8,8,7,2,1,1,1,2,2,1,5,3,1,5,2,1,1,6,5,2,8,2,2,1,8,2,1,2,36
"667",1,8,3,2,2,1,1,1,1,1,1,2,2,1,2,1,1,1,5,4,1,5,3,5,3,9,3,2,2,20
"668",2,5,8,5,2,3,4,1,1,1,1,5,5,4,3,1,1,1,5,4,2,6,1,3,1,8,3,4,2,44
"669",1,6,6,4,2,1,1,5,2,2,1,5,4,1,1,1,1,1,5,6,1,5,6,5,3,7,2,1,2,50
"670",2,7,7,7,2,1,1,1,1,1,1,5,5,1,1,1,1,1,5,5,1,5,3,2,3,9,2,1,2,81
"671",2,9,10,8,2,1,1,1,4,1,1,7,2,6,6,1,1,1,7,8,3,10,6,1,1,10,1,1,1,25
"672",2,7,5,4,2,2,5,2,5,1,2,2,6,2,1,1,1,1,6,5,2,5,6,5,6,7,1,3,1,26
"673",2,8,8,5,2,1,1,1,7,5,1,4,1,6,6,1,1,1,10,10,5,10,6,1,1,10,1,1,1,25
"674",2,9,8,8,2,2,1,1,1,1,1,2,3,1,1,1,1,1,5,5,1,8,5,1,1,4,2,1,1,18
"675",2,9,9,7,2,1,1,1,1,1,1,1,2,1,1,1,1,1,10,5,2,2,1,1,1,8,1,1,1,32
"676",2,6,6,5,2,3,3,3,3,3,1,2,5,5,1,1,1,1,5,5,5,10,1,5,5,10,1,1,1,39
"677",2,7,6,8,2,1,1,1,1,1,1,1,4,1,1,1,1,1,1,7,8,2,1,1,1,3,1,1,1,43
"678",2,6,5,4,2,2,1,1,1,1,1,1,3,1,1,1,1,1,4,2,2,8,5,5,1,9,1,1,1,39
"679",2,5,9,5,2,1,1,1,1,1,1,1,3,1,1,1,1,1,6,3,3,6,1,8,1,6,1,1,1,52
"680",2,8,8,8,2,1,1,1,1,1,1,1,6,1,3,1,1,1,6,6,1,6,3,6,2,6,3,1,1,58
"681",2,8,6,7,2,2,1,1,2,1,1,1,3,2,3,1,1,1,4,3,2,5,4,6,3,3,3,1,1,48
"682",2,8,10,9,2,1,1,1,1,1,1,1,3,1,1,1,1,1,1,1,1,8,1,3,1,7,1,1,1,60
"683",2,6,5,6,2,2,1,1,1,1,1,1,3,1,2,1,1,1,8,4,2,8,3,3,2,8,1,1,1,24
"684",2,6,7,8,2,1,3,2,3,2,1,4,5,2,3,1,1,1,5,4,2,8,7,4,5,9,2,1,1,28
"685",1,5,10,6,2,5,5,5,5,5,1,5,5,5,5,1,5,5,5,5,5,5,5,1,5,10,1,1,1,20
"686",2,8,5,8,2,3,4,1,4,4,1,2,4,4,4,2,3,2,5,6,3,8,1,4,3,10,1,2,1,29
"687",2,5,7,6,2,1,1,1,1,1,1,1,6,2,1,1,1,1,8,8,5,10,1,2,1,10,1,2,1,40
"688",2,10,10,10,2,1,1,1,1,1,1,1,1,1,1,1,1,1,3,1,1,5,1,1,1,10,1,1,1,42
"689",1,8,2,7,2,1,1,1,1,1,1,2,2,1,1,1,1,1,1,6,1,10,4,7,1,10,1,1,1,33
"690",2,10,9,8,2,1,1,1,1,1,1,1,4,1,1,1,1,1,5,5,5,8,1,4,1,6,1,1,1,35
"691",2,8,8,7,2,1,1,1,2,2,1,2,4,3,3,1,1,1,5,5,5,7,1,1,1,7,1,1,1,50
"692",2,8,9,7,2,1,1,1,1,1,1,1,6,5,6,1,1,1,9,9,2,10,5,3,4,10,1,1,1,58
"693",2,9,8,8,2,2,2,2,1,1,1,2,2,1,1,1,1,1,10,3,1,1,1,3,1,1,3,1,1,46
"694",2,7,8,7,2,2,1,1,3,2,1,2,6,2,1,1,1,1,5,4,5,8,4,3,3,7,3,1,1,59
"695",2,10,10,3,2,1,1,1,1,1,1,1,5,1,1,1,1,1,1,5,1,1,1,1,1,10,1,1,1,60
"696",2,7,8,7,2,1,1,1,1,1,1,1,1,1,1,1,1,1,5,8,1,8,1,2,1,10,1,1,1,27
"697",2,10,9,10,2,1,1,1,1,1,1,1,3,1,1,1,1,1,5,4,1,1,1,5,1,10,1,1,1,18
"698",2,8,9,7,2,1,2,1,2,1,1,2,4,3,1,1,1,1,6,2,4,10,2,5,6,10,1,1,1,38
"699",2,8,8,7,2,1,1,1,1,1,1,1,4,1,1,1,1,1,1,1,1,10,1,1,1,10,1,1,1,38
"700",2,6,10,10,2,1,1,1,1,1,1,1,5,1,1,1,1,1,5,5,1,10,1,1,1,5,1,1,1,53
"701",2,7,6,8,2,2,1,1,3,1,1,2,5,1,1,1,1,1,6,5,5,3,3,3,1,2,6,1,1,50
"702",1,10,10,5,2,1,1,1,1,1,1,1,6,5,1,1,1,1,7,10,5,10,1,2,1,10,1,1,1,60
"703",2,10,10,1,2,1,1,1,1,1,1,1,1,1,1,1,1,1,1,10,1,1,5,1,1,1,1,1,1,26
"704",2,6,5,1,2,1,3,1,3,1,1,3,1,1,1,1,1,1,8,2,2,2,2,2,1,1,1,1,1,20
"705",2,10,8,5,2,1,1,1,1,1,1,1,1,1,1,1,1,1,10,6,1,1,1,1,1,1,1,1,1,44
"706",2,5,8,5,2,1,1,1,1,1,1,1,2,1,1,1,1,1,7,6,1,6,1,2,1,6,1,1,1,36
"707",2,10,7,6,2,1,1,1,1,1,1,1,1,1,1,1,1,1,5,5,1,1,1,1,1,1,1,1,1,45
"708",2,10,7,8,2,1,1,1,1,1,1,1,1,1,1,1,1,1,1,4,1,1,1,1,1,10,1,1,1,50
"709",1,7,8,8,1,1,1,1,1,1,1,1,2,1,1,1,1,1,5,5,1,5,1,5,1,10,1,1,1,35
"710",1,10,8,6,1,1,1,1,3,1,1,1,8,1,1,1,1,1,6,6,3,1,1,1,1,10,1,1,1,38
"711",2,7,10,10,2,1,1,1,1,1,1,1,4,1,1,1,1,1,1,5,1,10,1,1,1,10,1,1,1,57
"712",1,7,10,10,2,1,1,1,1,1,1,1,5,1,1,1,1,1,1,5,1,1,1,1,1,10,1,1,1,70
"713",2,8,8,8,2,1,3,3,4,1,3,4,10,7,7,7,3,3,9,10,7,10,10,10,4,10,1,1,2,24
"714",2,7,6,6,2,4,6,6,3,1,1,7,6,4,2,5,1,1,8,8,6,9,1,10,3,9,5,4,2,23
"715",2,8,5,8,2,6,2,1,3,1,1,2,5,4,4,1,4,1,5,5,5,8,3,4,7,8,1,1,2,19
"716",2,8,6,6,2,1,1,1,1,1,1,2,2,1,1,1,1,1,6,3,1,10,1,5,5,10,1,1,2,40
"717",1,6,5,7,2,1,1,1,1,1,1,1,5,1,1,1,1,1,6,6,1,4,1,3,1,10,1,1,2,32
"718",1,7,2,9,2,5,3,2,2,1,1,5,5,5,5,1,5,1,5,5,5,9,5,1,5,10,1,1,2,34
"719",1,6,10,3,2,3,1,1,1,1,1,1,4,1,3,1,1,1,5,5,2,10,1,1,1,9,1,1,2,50
"720",2,6,7,6,2,1,1,1,1,1,1,1,5,2,1,2,1,1,8,3,3,10,5,5,4,10,1,1,2,48
"721",2,7,7,6,1,1,1,3,3,1,1,5,2,1,1,1,1,1,1,4,3,8,1,7,1,9,1,1,2,19
"722",1,6,6,8,2,3,1,1,3,1,1,1,5,3,1,1,1,1,3,3,1,1,5,3,1,10,1,1,2,18
"723",2,7,1,10,2,1,1,1,1,1,1,10,10,6,1,1,1,1,8,7,6,10,1,1,1,10,1,1,2,28
"724",2,10,10,10,2,6,1,1,1,6,1,1,6,1,1,1,1,1,6,6,6,6,1,1,1,10,1,1,2,33
"725",2,10,7,8,2,1,1,1,1,1,1,2,5,1,1,1,1,1,5,5,1,10,1,5,1,10,1,1,2,36
"726",2,8,8,8,1,2,2,2,3,2,1,1,4,2,2,2,2,2,5,5,5,8,3,5,5,5,3,5,2,41
"727",2,9,10,9,2,1,1,1,1,1,1,1,1,1,1,1,1,1,5,5,1,10,1,1,1,1,1,1,2,50
"728",2,8,8,6,2,1,1,1,1,1,1,1,3,1,1,1,1,1,5,5,3,4,2,6,3,8,1,1,2,50
"729",2,9,10,8,2,1,1,1,1,1,1,1,4,1,1,1,1,1,10,5,1,4,1,1,6,1,3,1,2,61
"730",2,6,6,6,2,5,1,6,2,1,1,2,1,1,3,1,1,1,5,6,4,10,1,4,1,10,2,1,2,25
"731",2,10,10,10,2,1,1,1,1,1,1,1,5,1,1,1,1,1,1,1,1,10,3,1,1,10,1,1,2,33
"732",2,8,9,7,2,1,1,1,3,1,1,1,6,1,1,1,1,1,6,5,3,7,1,3,1,8,1,1,2,50
"733",2,7,8,5,2,3,2,2,1,1,1,2,3,1,2,1,1,1,6,6,2,8,3,4,3,7,1,1,2,48
"734",2,8,8,5,2,2,1,1,5,1,1,2,1,3,2,1,1,2,6,5,5,10,1,1,1,9,1,1,2,46
"735",1,8,2,8,2,1,1,1,1,1,1,1,5,1,1,1,1,1,1,5,1,1,1,1,1,5,1,1,2,23
"736",2,10,7,8,2,1,1,1,1,1,1,1,5,1,1,1,1,1,6,5,1,1,1,1,1,9,1,1,2,41
"737",2,10,7,7,2,1,1,1,1,1,1,1,2,1,1,1,1,1,8,6,2,10,2,3,2,3,1,1,2,48
"738",2,8,10,10,2,3,1,1,2,1,1,1,2,1,1,1,1,1,5,6,2,1,2,6,2,3,1,1,2,60
"739",2,8,8,7,2,2,1,1,2,1,1,1,4,1,1,1,1,1,9,5,3,1,1,2,1,10,2,1,2,45
"740",2,10,10,10,2,1,1,1,1,1,1,1,5,1,1,1,1,1,5,5,5,3,1,1,1,9,1,1,2,60
"741",2,9,10,5,1,3,1,4,4,2,1,7,1,2,2,2,1,1,6,5,6,1,1,4,2,1,1,1,1,29
"742",1,6,6,5,2,6,9,1,1,1,1,1,1,1,1,1,1,1,1,1,1,1,1,1,1,6,1,1,1,23
"743",2,9,6,4,2,1,1,1,1,1,1,1,4,1,1,1,1,1,5,5,5,10,5,1,1,10,1,1,1,28
"744",2,9,8,6,2,1,1,1,2,6,1,6,6,1,6,1,2,1,6,8,2,9,2,9,1,10,2,1,1,19
"745",2,6,8,6,2,3,3,1,1,1,1,5,2,3,1,1,1,1,5,5,5,4,3,5,5,10,4,1,1,18
"746",2,9,9,6,2,1,1,1,3,1,1,3,2,1,1,1,1,1,5,4,2,10,1,1,1,10,1,1,1,35
"747",2,10,10,10,2,1,1,1,1,1,1,5,5,1,1,1,1,1,2,2,2,10,1,5,1,10,1,1,1,33
"748",2,10,10,10,2,1,1,1,1,1,1,1,1,1,1,1,1,1,10,5,1,10,1,1,1,5,1,1,1,33
"749",2,9,9,8,1,1,1,1,1,1,1,1,3,2,2,1,1,1,4,4,2,10,3,3,1,9,1,1,1,43
"750",2,10,9,8,2,1,1,1,1,1,1,1,8,1,1,1,1,1,10,8,1,10,1,1,1,7,1,1,1,47
"751",2,7,5,5,2,1,1,1,1,1,1,2,2,3,2,1,1,1,6,6,5,10,6,2,5,2,1,1,1,50
"752",2,8,8,8,2,1,1,1,1,1,1,1,1,1,1,1,1,1,10,10,1,1,1,1,1,10,1,1,1,48
"753",2,8,7,8,2,1,2,4,5,1,1,5,2,4,4,1,1,1,6,6,6,10,1,5,5,10,2,1,1,71
"754",2,10,9,1,2,1,1,1,2,1,1,1,4,1,1,1,1,1,6,6,2,10,2,2,6,10,1,1,1,34
"755",1,6,10,10,2,1,1,1,1,1,1,1,1,1,1,1,1,1,5,5,2,1,1,1,1,10,1,1,1,52
"756",2,10,10,8,2,1,1,2,7,3,1,5,4,4,3,1,1,1,5,5,5,7,1,1,4,10,1,1,1,49
"757",2,10,9,10,2,1,1,1,1,1,1,1,4,1,1,1,1,1,5,4,1,10,1,1,1,10,1,1,1,56
"758",2,8,7,9,1,1,1,1,1,1,1,1,1,1,1,1,1,1,10,10,1,1,1,1,1,1,1,1,1,63
"759",2,7,7,3,2,2,2,2,3,1,1,1,2,1,1,1,1,1,1,1,1,1,1,1,2,2,1,1,2,18
"760",2,9,8,5,2,1,1,1,1,1,1,1,1,1,1,1,1,1,5,5,1,9,1,1,3,5,1,1,2,22
"761",2,7,6,4,1,1,1,1,1,1,1,1,1,1,1,1,1,1,10,1,1,10,1,1,1,10,1,1,2,27
"762",2,2,6,2,2,1,1,1,1,1,1,1,2,1,2,1,1,1,5,3,3,9,4,5,3,2,3,1,2,33
"763",2,7,7,9,2,1,1,1,1,1,1,5,3,1,1,1,1,1,5,5,7,10,1,1,2,10,3,1,2,30
"764",2,8,7,8,2,1,1,1,1,1,1,1,1,1,1,1,1,1,10,10,1,10,1,1,1,10,1,1,2,38
"765",2,8,3,2,2,1,1,1,2,1,1,1,4,1,1,1,1,1,4,5,4,10,1,1,1,10,1,1,2,50
"766",2,8,1,7,1,2,2,2,1,1,1,1,1,1,1,1,1,1,1,1,1,4,3,3,2,4,3,2,2,47
"767",2,4,4,1,2,1,1,1,1,1,1,1,1,1,1,1,1,1,10,10,1,8,1,1,1,10,1,1,2,20
"768",2,7,10,1,2,1,1,1,1,1,1,1,3,1,1,1,1,1,3,3,1,7,1,1,1,4,1,1,2,38
"769",2,8,9,7,2,2,2,2,3,2,1,3,3,1,4,1,1,1,4,5,5,10,7,5,5,6,5,1,2,48
"770",2,8,6,7,2,1,1,1,2,1,1,4,3,1,1,1,1,1,3,3,2,1,1,3,2,3,1,1,2,60
"771",1,6,8,5,2,1,5,2,1,2,1,2,5,5,3,3,1,2,5,5,4,7,5,4,3,10,1,3,1,29
"772",2,8,9,4,2,1,3,1,1,1,1,1,7,3,9,1,1,1,6,6,2,10,2,3,5,9,1,1,1,38
"773",2,10,10,7,2,1,1,1,1,2,1,4,3,3,1,1,1,1,10,10,7,7,2,4,2,5,1,1,1,24
"774",2,9,8,8,2,1,2,1,1,1,1,1,10,5,1,1,1,1,6,6,3,10,1,5,1,10,1,1,1,19
"775",1,5,5,5,2,1,1,2,2,7,1,2,6,8,1,1,1,2,8,6,3,10,5,3,2,9,1,1,1,32
"776",1,3,5,5,2,1,1,1,3,1,1,1,6,6,1,1,1,1,6,8,8,10,1,1,1,6,1,1,1,34
"777",2,6,3,3,2,1,1,1,1,1,1,1,8,6,1,1,1,1,2,10,7,10,1,1,1,6,1,1,1,37
"778",1,1,2,3,2,1,1,1,1,1,1,1,1,4,5,1,1,1,5,8,6,10,1,3,1,10,1,1,1,30
"779",2,3,1,7,2,1,1,1,1,1,1,1,5,1,1,1,1,1,5,10,1,8,1,4,1,10,1,1,1,52
"780",2,7,8,5,2,2,2,1,3,2,1,2,4,2,1,1,1,1,5,5,6,7,2,2,4,8,3,1,1,59
"781",2,6,5,6,2,2,2,2,2,1,1,3,6,2,2,2,1,1,6,4,7,6,1,5,1,9,2,1,1,57
"782",2,8,7,4,2,3,3,3,2,2,1,4,4,2,1,1,1,1,6,5,5,9,1,3,3,9,4,2,1,74
"783",2,8,6,4,2,2,1,1,2,2,1,2,5,3,3,2,2,1,6,6,5,8,4,3,3,9,2,1,1,19
"784",2,6,2,2,2,3,3,3,3,2,1,4,4,1,1,1,1,1,6,8,6,8,3,5,5,8,2,1,1,21
"785",2,10,10,6,2,1,1,1,1,1,1,1,1,1,1,3,1,1,10,5,1,10,1,4,1,10,1,1,1,37
"786",2,8,7,7,2,1,1,1,1,1,1,8,10,4,2,2,1,1,5,6,6,8,1,5,1,10,1,1,1,30
"787",2,10,9,5,2,1,1,1,1,1,1,1,1,1,1,1,1,1,3,3,3,7,3,2,9,9,1,2,1,58
"788",2,9,9,8,2,1,1,1,1,2,1,1,4,1,1,1,1,1,5,5,5,5,1,4,2,10,2,1,1,45
"789",2,9,8,6,2,1,1,1,1,1,1,1,1,1,1,1,1,1,5,5,1,10,1,1,1,10,1,1,1,73
"790",2,8,7,5,2,1,1,1,1,1,1,2,5,1,4,1,1,1,5,5,3,3,3,3,2,7,1,1,1,27
"791",2,7,8,8,2,1,1,1,1,1,1,6,5,1,1,5,1,1,3,3,2,10,5,4,1,10,1,1,1,25
"792",2,6,6,7,2,1,1,1,1,1,1,2,3,2,1,1,1,1,4,4,3,10,1,4,1,9,1,1,1,44
"793",2,8,8,6,2,1,1,1,1,1,1,1,1,1,1,3,1,1,6,5,3,3,1,1,1,8,1,1,1,34
"794",2,10,10,9,2,1,1,1,1,1,1,1,5,1,1,1,1,1,4,4,1,1,1,1,1,1,1,1,1,59
"795",2,9,10,9,2,1,1,1,1,1,1,1,4,1,1,1,1,1,6,5,1,5,1,1,5,8,1,1,1,50
"796",2,2,1,2,2,1,1,3,3,1,1,3,6,5,1,3,1,1,6,6,6,6,1,1,1,10,2,1,1,21
"797",2,5,7,2,2,1,1,1,1,1,1,1,1,1,1,1,1,1,1,6,1,10,2,2,1,2,1,1,1,40
"798",2,10,9,5,2,1,1,1,1,1,1,1,5,1,1,1,1,1,5,4,1,1,1,1,1,1,1,1,1,58
"799",1,2,2,6,2,1,2,1,3,1,1,4,6,1,1,1,1,1,6,5,7,8,5,2,2,8,1,1,1,67
"800",2,6,10,8,2,1,1,1,1,1,1,3,5,2,1,1,1,1,1,3,4,2,1,2,1,10,1,1,2,18
"801",1,4,3,1,2,2,4,6,1,1,1,6,6,3,2,2,1,1,6,5,7,1,3,5,6,5,2,1,2,23
"802",1,5,1,1,2,7,2,9,9,3,1,10,9,3,3,1,1,1,5,5,5,10,6,7,2,9,1,1,2,25
"803",1,7,7,3,2,1,1,1,1,1,1,1,5,1,1,1,1,1,5,4,3,1,4,1,2,7,1,1,2,30
"804",1,6,5,4,2,5,2,1,1,1,1,1,8,1,1,1,1,1,5,5,5,10,1,5,1,9,1,1,2,44
"805",1,1,6,1,2,1,1,1,1,1,1,1,1,1,1,1,1,1,6,6,6,10,5,4,1,1,5,1,2,44
"806",2,8,10,8,2,1,1,1,1,1,1,1,1,1,1,1,1,1,6,6,2,8,1,1,1,10,1,1,2,54
"807",2,7,8,4,2,2,2,1,1,1,1,2,3,1,1,2,1,1,5,5,3,10,2,5,1,10,1,1,2,49
"808",2,7,7,7,2,1,1,1,1,1,1,1,1,1,1,1,1,1,6,6,6,6,1,1,1,8,1,1,2,61
"809",2,8,8,7,2,1,1,1,1,1,1,3,5,1,1,1,1,1,5,5,2,3,3,2,2,8,1,1,2,27
"810",2,9,9,9,2,1,1,1,1,1,1,1,6,6,1,1,1,1,6,6,1,6,1,6,1,10,1,6,2,40
"811",2,7,7,7,2,1,1,1,1,1,1,1,10,1,1,1,1,1,5,5,1,10,1,1,1,10,1,1,2,45
"812",2,7,8,8,2,1,2,3,2,2,1,2,9,2,1,1,1,1,5,5,5,10,4,5,3,9,1,2,2,48
"813",2,8,6,6,2,1,1,1,2,1,1,1,3,1,1,1,1,1,2,5,2,7,2,4,2,8,2,1,2,55
"814",2,6,2,6,2,1,1,1,1,1,1,1,10,1,1,1,1,1,5,5,1,5,5,1,1,10,1,1,2,27
"815",2,8,7,7,2,1,1,2,1,1,1,2,10,1,1,1,1,1,5,5,5,10,1,1,1,10,1,1,2,35
"816",1,4,7,2,2,2,2,3,2,2,1,2,3,5,2,1,1,1,5,5,8,9,3,3,2,9,1,2,2,52
"817",1,3,3,5,2,1,1,1,1,1,1,1,6,1,1,1,1,1,6,6,1,6,1,1,1,6,1,1,2,62
"818",1,5,5,5,2,1,1,1,1,1,1,1,1,1,1,1,1,1,6,6,6,6,1,1,1,6,1,1,2,45
"819",2,9,9,5,1,1,1,2,1,2,1,1,10,2,2,1,1,1,5,5,5,10,5,3,3,9,2,3,2,61
"820",2,4,4,5,2,1,1,1,3,1,1,3,5,1,1,1,1,1,4,6,1,10,1,4,1,10,1,1,1,21
"821",1,7,10,8,2,1,1,1,1,1,1,1,7,1,1,1,1,1,6,4,1,1,2,1,1,1,1,1,1,22
"822",1,7,10,6,2,1,1,1,1,1,1,1,6,1,1,1,1,1,4,4,3,8,1,1,1,8,1,1,1,27
"823",1,8,7,5,2,1,1,1,3,1,1,1,5,1,1,1,1,1,5,3,2,1,4,1,1,1,1,1,1,21
"824",2,4,2,2,2,1,1,1,1,1,1,1,6,1,1,1,1,1,6,6,1,6,1,1,1,10,1,1,1,18
"825",2,7,8,7,2,1,1,1,2,1,1,2,7,1,1,1,2,1,5,5,5,6,3,2,3,8,3,1,1,33
"826",2,8,8,6,2,1,1,1,1,1,1,1,5,1,1,1,1,1,5,5,1,1,3,1,1,8,1,1,1,44
"827",2,8,5,8,2,2,2,3,3,4,2,3,8,4,2,1,1,2,2,2,5,9,5,3,3,9,2,2,1,33
"828",2,8,8,4,2,1,1,1,1,1,1,1,6,1,1,1,1,1,9,8,1,9,1,1,1,1,1,1,1,34
"829",2,5,8,7,2,2,1,1,3,1,1,4,1,1,1,1,1,1,5,5,1,10,1,4,1,10,1,1,1,52
"830",2,10,10,9,2,1,1,1,1,1,1,1,5,1,1,1,1,1,3,4,1,1,1,1,1,5,1,1,1,53
"831",2,7,9,1,2,2,2,2,2,3,1,1,2,1,1,3,1,2,5,5,5,10,4,4,3,9,2,2,1,50
"832",2,7,2,3,2,1,1,1,1,1,1,3,5,1,1,1,1,1,5,4,2,2,2,4,3,10,2,1,1,75
"833",2,6,8,5,2,3,2,2,2,3,2,2,8,5,2,2,1,2,5,5,5,9,5,2,2,8,2,2,2,21
"834",2,7,3,7,2,1,1,2,1,2,1,2,4,1,1,2,1,1,6,5,3,3,6,3,4,9,3,1,2,20
"835",2,10,9,8,2,1,1,1,1,1,1,1,5,1,1,1,1,1,4,4,2,1,1,1,1,1,1,1,2,22
"836",2,8,8,8,2,2,1,1,3,1,1,2,3,1,1,2,1,1,4,4,1,1,1,2,2,5,2,1,2,30
"837",1,2,4,6,2,2,2,2,5,2,1,5,10,1,1,1,1,1,6,5,3,5,2,3,5,9,2,2,2,35
"838",2,8,7,3,2,1,1,2,1,1,1,2,2,1,1,1,1,1,5,5,2,10,5,2,3,10,1,1,2,35
"839",2,6,8,8,2,1,1,1,1,1,1,1,1,1,1,1,1,1,6,6,1,1,1,1,1,10,1,1,2,46
"840",2,8,9,7,2,2,1,2,2,3,1,1,9,2,1,1,1,1,5,4,1,1,2,3,1,8,1,3,2,45
"841",2,6,10,6,2,1,1,1,1,1,1,1,1,1,1,1,1,1,5,5,1,1,1,1,1,10,1,1,2,45
"842",2,7,6,5,2,7,6,1,1,1,1,5,6,1,1,6,6,6,5,4,3,7,5,3,2,9,1,1,1,23
"843",1,5,6,6,2,1,1,1,1,1,1,1,1,1,1,1,1,1,5,5,1,1,1,1,1,10,1,1,1,48
"844",2,10,10,10,2,1,1,1,1,1,1,1,1,1,1,1,1,1,6,1,1,10,1,1,1,9,1,1,2,64
"845",2,8,8,7,2,1,1,1,1,1,1,1,6,2,1,3,4,1,1,3,1,8,1,3,1,5,2,1,1,53
"846",1,9,8,3,2,1,1,1,1,1,1,1,7,1,1,1,1,1,6,6,4,10,6,1,1,4,1,1,2,21
"847",2,8,7,9,2,1,1,3,4,1,1,6,1,1,1,1,1,1,5,3,3,10,1,2,1,1,1,1,1,32
"848",2,10,10,10,2,1,1,1,1,1,1,1,6,1,1,1,1,1,6,6,1,7,1,1,1,7,1,1,2,45
"849",2,9,2,3,2,1,2,2,3,1,3,4,8,1,2,1,5,1,9,8,2,2,4,3,2,3,1,2,1,34
"850",2,7,7,7,2,1,1,1,1,1,1,1,2,1,1,1,1,1,6,6,5,10,1,1,1,10,1,1,1,69
"851",2,7,9,3,2,1,1,1,1,1,1,1,1,1,1,1,1,1,5,5,6,10,5,1,1,10,1,1,1,22
"852",1,7,6,5,2,2,3,2,3,1,1,5,6,5,4,1,5,1,8,6,5,7,6,6,5,8,1,2,2,26
"853",2,10,9,9,2,1,1,1,1,1,1,1,1,1,1,1,1,1,1,1,1,2,1,1,1,7,1,1,1,64
"854",2,9,9,10,2,1,1,1,1,1,1,1,1,1,1,1,1,1,1,3,1,1,1,1,1,1,1,1,2,66
"855",2,9,9,8,2,1,1,1,1,1,1,1,1,1,1,1,1,1,6,3,3,2,1,1,1,1,1,1,1,20
"856",2,7,3,8,2,1,3,3,1,1,1,3,8,5,5,1,1,1,5,5,5,8,3,1,8,10,1,1,1,27
"857",2,5,3,5,2,3,5,3,4,3,1,3,6,5,3,3,3,3,5,6,3,8,6,3,8,8,3,3,2,25
"858",2,10,10,10,2,1,1,1,1,1,1,1,1,1,1,1,1,1,5,5,1,10,1,1,1,10,1,1,2,54
"859",2,9,8,8,2,2,1,1,3,1,1,1,1,1,1,1,1,1,6,3,3,5,1,1,1,1,1,1,1,40
"860",2,8,8,6,2,1,1,1,1,1,1,1,1,1,1,1,1,1,5,1,1,10,1,1,1,10,1,1,2,28
"861",2,8,9,9,2,6,10,6,1,1,1,1,10,6,1,1,1,1,6,5,5,10,5,5,1,10,1,1,2,44
"862",2,1,1,2,2,6,5,6,3,1,1,2,10,3,1,1,1,1,6,4,3,10,3,2,1,8,1,2,1,20
"863",2,10,10,10,2,1,1,1,1,1,1,1,1,1,1,1,1,1,1,1,1,10,1,1,1,10,1,1,2,54
"864",2,6,4,3,2,1,1,2,1,1,1,1,2,3,1,1,1,1,6,6,4,10,1,2,2,8,1,2,1,48
"865",2,6,4,3,2,6,1,1,1,1,1,1,3,6,1,1,1,5,6,9,5,10,1,5,1,9,2,2,1,40
"866",2,5,5,3,2,1,1,1,1,1,1,1,6,1,1,1,1,1,5,5,3,7,3,2,2,5,3,2,1,53
"867",1,6,7,7,2,10,5,1,1,1,1,3,6,2,1,1,1,1,8,6,1,6,2,1,1,7,1,1,1,55
"868",2,4,1,2,2,1,1,2,1,1,1,1,5,3,2,1,1,1,3,2,2,5,2,1,1,5,1,1,1,37
"869",2,6,5,7,2,1,1,1,1,1,1,1,5,1,1,1,1,1,5,5,5,5,5,5,5,5,1,1,2,31
"870",2,10,10,9,2,1,1,1,1,1,1,1,3,1,1,1,1,1,4,4,1,5,4,1,1,6,1,1,1,20
"871",2,9,8,9,2,1,1,1,1,1,1,3,5,2,1,1,2,1,6,2,2,2,2,2,2,5,1,1,1,60
"872",2,6,6,5,2,2,1,1,1,1,1,1,3,1,1,1,1,1,6,6,1,1,1,1,1,7,1,1,1,62
"873",2,8,9,7,1,1,1,1,1,1,1,1,5,5,6,1,2,1,6,6,5,9,1,8,1,8,1,1,1,32
"874",1,9,10,10,1,1,1,1,3,1,1,10,3,1,1,3,1,1,6,6,6,3,6,5,1,5,1,1,2,45
"875",1,8,5,9,2,3,1,1,1,1,1,3,9,1,1,1,1,1,5,5,5,10,3,3,3,10,1,1,2,33
"876",2,7,6,7,2,4,4,3,2,2,1,1,3,1,1,1,1,1,1,1,1,7,3,5,5,7,4,1,1,29
"877",2,8,7,8,2,4,4,3,2,2,1,1,3,1,1,1,1,1,1,7,1,6,1,4,4,5,1,1,2,52
"878",1,10,10,1,2,1,1,1,4,1,1,1,7,1,1,3,1,1,6,4,5,8,3,3,2,5,1,1,1,50
"879",2,7,7,2,2,1,1,1,2,1,1,5,3,2,1,3,1,1,3,1,4,9,2,3,4,8,2,1,2,21
"880",2,4,5,5,2,5,3,1,4,1,1,4,8,5,1,1,1,1,6,6,3,6,6,5,4,10,1,1,1,26
"881",1,6,6,2,2,3,4,2,6,1,1,3,7,1,1,7,1,1,6,5,4,5,3,1,4,6,1,1,2,34
"882",2,5,5,6,2,10,6,1,1,1,1,1,6,1,1,1,1,1,6,6,1,10,1,3,1,10,1,1,1,50
"883",2,6,6,2,2,1,1,1,6,3,1,9,10,2,2,1,1,1,8,8,2,1,3,2,1,10,5,2,2,53
"884",1,5,4,4,2,2,2,1,1,4,1,4,6,5,5,1,1,1,7,7,1,7,1,2,1,10,3,5,1,41
"885",2,7,8,5,2,1,1,1,1,1,1,1,6,1,1,1,1,1,6,6,6,6,1,1,1,3,1,1,2,37
"886",2,8,9,8,2,2,1,1,2,2,1,2,5,5,5,1,1,1,5,6,2,5,2,2,2,5,2,2,1,48
"887",2,9,1,7,2,1,7,1,1,1,1,1,3,4,4,1,1,1,5,7,4,5,1,4,1,8,1,1,2,46
"888",2,6,6,6,2,2,5,5,5,2,1,4,6,1,1,1,1,1,6,6,5,5,5,5,1,6,4,1,2,19
"889",2,5,7,3,2,3,2,1,1,1,1,1,4,1,3,1,1,1,5,6,6,3,1,1,2,2,1,1,1,52
"890",2,8,8,8,2,3,3,1,1,1,1,1,3,1,1,1,1,1,2,6,3,3,3,3,3,5,3,4,2,35
"891",2,6,6,5,2,3,2,1,1,2,1,2,5,6,5,1,1,1,5,6,6,5,1,1,1,4,1,1,1,49
"892",2,6,8,8,2,1,1,1,1,1,1,1,2,1,1,1,1,1,1,1,4,10,1,1,1,1,1,1,2,44
"893",2,8,6,5,2,1,1,1,2,1,1,1,3,2,1,2,1,1,4,6,6,9,3,2,2,8,2,3,1,42
"894",2,5,8,6,2,1,1,1,1,1,1,5,1,5,5,1,1,1,5,5,5,5,5,5,1,10,1,1,1,20
"895",2,6,7,7,2,1,1,1,1,2,1,2,5,6,6,1,1,1,6,6,1,10,1,6,1,9,1,1,1,27
"896",2,7,5,7,2,1,1,2,1,1,1,1,6,1,1,1,1,1,3,4,2,2,1,1,1,8,1,1,1,34
"897",1,8,4,5,2,1,1,3,1,3,1,4,7,1,1,1,1,1,4,5,3,8,1,4,1,9,2,1,1,32
"898",2,9,10,10,2,1,1,1,1,1,1,1,5,1,1,1,1,1,6,5,1,10,1,1,1,10,1,1,1,28
"899",2,10,1,1,2,1,10,10,8,1,1,3,10,1,1,10,1,6,5,4,10,10,3,10,10,10,5,1,1,26
"900",1,10,10,6,2,1,1,1,1,1,1,1,1,1,1,1,1,1,9,10,2,10,5,1,1,10,1,1,1,39
"901",2,8,7,5,2,1,1,1,3,2,4,3,3,2,3,1,3,2,8,5,8,7,6,3,1,9,3,3,1,39
"902",2,7,5,5,2,2,3,3,4,3,1,6,7,3,1,1,1,1,3,3,3,10,3,4,2,10,5,4,1,45
"903",1,4,2,2,2,1,6,1,1,1,1,1,5,3,2,1,4,5,5,5,1,10,6,6,1,9,1,1,1,35
"904",2,8,9,7,2,1,1,1,1,1,1,1,8,1,1,1,1,1,5,3,2,8,5,1,1,10,1,2,1,58
"905",2,8,8,1,2,1,1,1,2,1,1,1,3,1,1,1,1,1,5,5,6,5,5,3,1,9,1,1,2,29
"906",2,9,6,5,2,1,1,2,2,2,2,3,3,1,2,1,1,1,5,5,4,7,1,9,1,10,4,1,2,60
"907",2,7,1,6,2,1,1,10,5,1,1,5,1,5,7,1,1,10,10,10,10,10,10,10,10,10,1,1,1,24
"908",2,6,5,1,2,3,1,1,4,3,1,5,7,4,4,2,1,2,4,4,3,10,2,2,5,7,1,1,2,19
"909",2,6,2,3,2,3,3,3,3,1,1,5,4,3,2,1,1,1,5,6,3,1,1,10,1,10,1,1,2,30
"910",2,10,6,8,2,1,1,1,1,1,1,1,5,1,1,1,1,1,5,5,5,8,1,1,1,10,1,1,2,45
"911",2,8,8,8,2,1,1,1,1,1,1,1,6,1,1,1,1,1,3,6,1,6,1,1,1,3,1,1,1,45
"912",1,4,4,8,2,1,1,1,1,1,1,1,1,1,1,1,1,1,5,5,1,1,1,1,1,10,1,1,1,20
"913",2,8,10,9,2,1,1,1,1,1,1,1,5,1,1,1,1,1,6,10,1,5,1,1,1,10,1,1,2,42
"914",2,8,7,4,1,1,1,1,1,1,1,1,1,1,1,1,1,1,5,1,1,1,1,2,1,5,1,1,1,22
"915",2,1,3,8,2,1,1,1,3,3,1,1,4,1,1,1,1,1,1,4,8,8,5,4,4,8,4,3,2,19
"916",2,8,8,8,2,3,1,1,1,1,1,1,3,1,1,1,1,1,3,4,4,3,6,4,1,10,3,1,2,52
"917",1,7,6,7,2,1,1,1,1,1,1,1,4,1,1,1,1,1,4,4,1,4,1,1,1,8,1,1,1,20
"918",1,7,4,4,2,10,1,1,1,1,1,1,1,1,1,1,1,1,6,5,1,8,5,1,1,1,1,1,2,33
"919",2,10,10,1,2,2,5,1,1,1,1,1,5,1,1,1,1,1,5,5,1,5,1,1,1,9,1,1,1,37
"920",1,1,1,3,2,1,1,3,4,1,1,3,10,6,1,1,1,1,4,5,6,10,7,1,1,10,1,1,2,22
"921",2,8,9,7,2,4,1,4,1,1,1,4,4,1,1,1,1,1,4,3,4,1,1,1,1,10,3,1,1,45
"922",2,8,8,8,2,1,1,1,1,1,1,1,3,1,1,1,1,1,10,1,1,1,1,1,1,4,1,3,1,61
"923",2,10,8,4,2,1,1,1,1,1,1,1,1,1,1,1,1,1,5,1,1,10,5,2,5,5,1,1,1,24
"924",2,10,10,8,1,1,2,2,2,1,1,3,4,1,1,1,1,1,6,6,5,6,2,3,4,8,2,1,1,48
"925",2,10,9,8,1,1,1,1,2,2,1,2,7,1,1,1,1,2,6,3,2,2,1,2,2,2,2,2,2,62
"926",2,8,8,4,2,1,3,1,4,1,1,1,8,1,4,1,1,1,8,5,4,8,3,1,1,9,3,1,1,32
"927",2,8,7,7,1,1,1,1,1,1,1,1,8,1,1,1,1,1,7,6,3,1,1,1,1,7,1,1,2,52
"928",2,8,9,8,2,1,1,1,1,1,1,1,8,1,1,1,1,1,5,6,4,5,4,1,1,7,1,1,2,46
"929",2,10,8,6,2,1,1,1,1,1,1,1,1,1,1,1,1,1,6,6,1,8,1,1,1,8,1,1,1,42
"930",2,10,10,8,2,1,1,1,1,1,1,1,3,1,1,1,1,1,4,4,2,1,1,1,1,3,1,1,1,45
"931",1,7,9,8,1,1,1,1,1,1,1,1,9,1,1,1,1,1,8,7,2,7,1,1,1,8,1,1,1,49
"932",2,8,8,10,2,1,1,1,1,1,1,1,1,1,1,1,1,1,5,6,1,6,4,1,1,5,1,1,2,38
"933",2,8,9,8,2,1,1,1,1,1,1,1,8,2,1,1,1,3,6,6,2,8,2,2,2,9,1,1,1,55
"934",2,8,8,7,2,2,1,1,1,1,1,1,8,1,1,1,1,1,6,6,2,7,2,1,3,10,1,1,1,22
"935",2,8,3,2,2,1,3,2,3,1,1,3,5,1,1,1,1,1,6,6,2,9,9,2,1,3,2,1,2,42
"936",2,9,9,8,2,1,2,3,2,1,1,4,6,1,3,1,1,1,6,6,4,8,4,3,2,2,1,1,1,34
"937",2,7,9,6,2,1,1,1,3,1,1,1,7,1,1,1,1,1,6,6,4,3,2,1,1,8,3,1,2,27
"938",2,7,7,3,2,1,3,2,5,1,1,1,4,1,1,1,1,1,5,5,3,6,2,1,1,4,1,1,1,62
"939",2,8,6,6,2,3,2,1,4,1,1,3,4,1,3,1,1,1,5,5,2,5,4,1,5,6,1,1,2,28
"940",2,9,3,4,2,1,3,1,6,1,1,4,6,1,1,1,1,1,6,6,4,9,2,2,3,10,1,1,1,37
"941",2,10,9,5,2,1,1,1,1,1,1,1,10,1,1,1,1,1,5,5,5,10,1,2,1,10,1,1,1,54
"942",2,8,10,10,2,1,1,1,1,1,1,1,1,1,1,1,1,1,5,2,1,10,1,1,1,10,1,1,2,49
"943",2,6,6,6,2,1,1,1,3,1,1,3,5,1,1,1,1,1,5,5,1,4,1,3,1,8,2,1,2,51
"944",2,7,8,7,1,1,1,1,1,1,1,1,9,1,1,1,1,1,5,5,3,10,1,1,1,10,1,1,1,46
"945",2,6,6,5,2,1,1,1,1,1,1,1,5,6,1,1,1,1,3,5,1,10,1,1,1,10,1,1,2,49
"946",2,7,5,6,2,8,1,1,1,1,1,4,9,1,1,5,1,1,6,6,3,9,3,8,1,9,1,1,1,21
"947",2,10,10,8,2,4,1,1,1,1,1,2,2,2,2,5,2,1,8,5,3,1,3,3,3,3,6,1,1,50
"948",2,6,8,6,2,1,1,1,1,1,1,1,5,1,1,1,1,1,7,7,1,3,1,2,1,8,1,1,2,58
"949",2,8,8,8,1,1,1,1,1,1,1,1,1,1,1,1,1,1,9,6,1,10,1,1,1,6,1,1,2,64
"950",2,10,10,10,1,4,3,4,4,4,4,3,5,4,4,3,2,4,5,3,4,7,4,4,3,7,4,3,1,55
"951",1,6,7,8,2,3,2,1,2,2,1,1,9,3,1,1,1,1,6,6,8,10,4,1,4,9,1,1,1,19
"952",2,9,10,10,1,2,2,1,3,1,1,1,5,1,1,1,1,1,7,3,2,1,2,2,1,6,1,1,2,41
"953",2,7,8,8,2,1,1,1,1,1,1,1,8,1,1,1,1,1,5,5,3,9,5,1,1,10,1,1,2,35
"954",2,7,8,8,2,1,1,1,3,1,1,1,5,1,1,1,1,1,6,5,2,1,3,3,1,10,1,1,1,62
"955",2,6,5,5,2,1,1,1,1,1,1,1,6,2,1,1,1,1,6,6,2,6,1,2,1,8,1,1,1,45
"956",2,10,9,10,2,1,1,1,1,1,1,1,6,1,1,1,1,1,4,5,1,1,10,1,1,5,1,1,2,59
"957",2,6,5,5,2,1,1,1,1,1,1,1,6,1,1,1,1,1,1,1,6,10,6,6,6,10,1,1,1,48
"958",2,5,8,5,1,1,1,1,1,1,1,1,1,1,1,1,1,1,1,1,4,7,1,1,1,1,1,1,1,68
"959",2,6,5,6,1,1,1,1,1,1,1,1,6,3,1,1,1,1,1,3,1,10,1,1,1,1,1,1,1,47
"960",2,8,10,6,2,1,1,1,1,1,1,1,3,1,1,1,1,1,6,6,2,1,1,1,2,10,1,1,2,45
"961",2,8,10,7,1,3,5,3,2,4,1,4,2,5,5,5,6,5,3,6,3,4,5,5,2,5,1,2,1,30
"962",2,6,4,3,2,1,1,1,1,1,1,1,5,1,1,1,1,1,5,5,3,8,3,1,3,10,1,3,1,42
"963",2,10,10,9,2,1,1,1,1,1,1,1,1,1,1,1,1,1,6,4,1,1,1,1,1,6,1,1,1,58
"964",2,9,6,5,2,3,5,2,5,1,1,3,3,3,1,1,1,1,6,6,6,8,1,7,1,6,1,1,1,45
"965",2,8,8,8,2,1,1,1,1,1,1,1,1,1,1,1,1,1,6,1,1,6,1,1,1,1,1,1,1,64
"966",2,10,7,8,2,1,1,1,1,1,1,1,4,1,1,1,1,1,1,1,5,10,1,1,1,10,1,1,1,51
"967",2,8,8,8,2,1,1,1,1,1,1,1,5,1,1,1,1,1,6,5,3,6,3,3,1,8,1,1,1,38
"968",2,10,8,5,1,1,1,1,1,1,1,1,1,1,1,1,1,1,1,1,3,1,1,1,1,10,1,1,1,44
"969",2,7,5,8,2,1,1,1,1,1,1,1,5,1,1,1,1,1,1,1,4,8,1,1,1,10,1,1,1,31
"970",2,9,7,8,2,1,1,1,1,1,1,1,6,1,1,1,1,1,5,1,1,8,1,1,1,10,1,1,1,50
"971",2,2,10,8,2,1,1,1,1,1,1,1,1,1,1,1,1,1,5,5,1,1,1,1,1,4,1,1,1,19
"972",1,8,10,10,2,6,1,1,1,1,1,1,6,6,1,1,1,1,6,6,6,8,6,6,1,10,1,1,1,36
"973",1,6,10,4,2,1,1,1,5,1,1,1,6,1,1,1,1,1,6,10,4,10,6,7,1,10,1,1,1,40
"974",2,9,5,9,2,6,1,1,1,1,1,1,7,5,1,1,1,1,6,6,6,10,6,4,1,10,1,1,2,28
"975",1,7,8,4,1,1,1,1,4,1,1,1,7,4,1,1,1,1,1,1,3,1,1,1,1,1,1,1,1,35
"976",2,10,10,10,2,3,1,1,1,1,1,1,1,1,1,1,1,1,1,1,1,1,1,1,1,10,1,1,2,48
"977",2,8,5,3,1,1,1,1,1,1,1,1,1,1,1,1,1,1,3,3,1,8,1,1,1,10,1,1,2,19
"978",2,10,10,10,2,1,1,1,1,1,1,1,1,1,1,1,1,1,1,1,1,1,1,1,1,10,1,1,2,74
"979",2,6,7,5,1,2,2,1,1,1,3,1,6,6,4,1,6,1,6,6,4,6,6,4,2,9,1,1,2,23
"980",2,6,8,5,2,1,3,2,2,2,1,2,6,1,2,2,2,1,5,5,4,6,2,3,3,3,3,1,2,34
"981",2,9,9,9,1,1,2,1,1,1,1,1,2,1,1,1,1,1,5,1,1,7,2,3,1,3,1,1,2,44
"982",2,4,5,5,2,1,1,1,1,1,1,1,4,1,1,1,1,1,6,8,4,5,5,3,5,6,4,2,2,28
"983",2,8,7,5,2,1,1,1,2,1,1,1,3,1,1,1,1,1,4,5,6,10,5,6,3,10,1,3,1,32
"984",2,8,5,6,2,1,1,8,1,1,1,1,8,1,1,1,1,1,1,1,7,5,9,9,2,9,8,9,1,33
"985",2,8,7,6,2,1,1,1,1,1,1,1,3,6,2,3,1,2,6,6,3,9,4,6,3,8,2,4,2,32
"986",2,6,4,7,2,3,1,1,1,1,1,1,2,1,1,1,1,1,6,6,6,9,6,2,1,6,1,1,2,21
"987",2,9,8,9,2,1,2,2,2,1,1,1,2,1,1,1,1,1,5,5,5,10,5,3,1,6,1,1,1,24
"988",2,5,4,4,2,2,1,5,1,1,1,1,6,3,1,1,1,1,2,6,6,6,3,3,1,8,3,2,2,19
"989",2,9,9,5,1,1,1,1,1,1,1,1,10,1,1,1,1,1,5,5,1,5,1,5,1,10,1,1,1,23
"990",2,6,1,1,2,1,6,6,7,1,1,5,9,1,1,1,1,1,5,1,1,5,5,5,5,10,1,1,1,26
"991",1,9,5,7,2,4,1,1,5,4,1,6,8,2,6,2,1,1,4,8,6,7,6,6,6,2,1,5,1,26
"992",1,2,1,1,2,5,1,1,6,1,1,5,1,6,10,1,1,5,10,5,5,9,9,9,1,10,1,1,2,18
"993",2,6,4,5,2,1,1,1,3,1,4,2,1,7,8,1,1,1,6,10,8,10,4,4,1,10,1,1,1,19
"994",2,8,8,6,2,1,1,1,1,1,1,1,8,4,1,1,1,1,1,1,4,10,6,1,1,8,1,1,1,36
"995",1,6,4,10,2,4,1,1,1,1,3,1,7,7,6,2,6,1,6,10,7,10,10,1,1,10,1,1,1,50
"996",2,7,10,10,1,1,1,1,1,1,1,1,7,1,1,1,1,1,6,1,1,6,1,1,1,10,1,1,1,42
"997",2,10,9,9,1,1,1,1,1,1,1,1,1,1,1,1,1,1,9,9,1,8,1,1,1,10,1,1,2,37
"998",2,8,5,5,2,6,3,3,5,3,1,1,8,9,9,1,1,2,9,10,8,9,6,6,1,10,1,1,1,28
"999",2,8,7,8,2,1,1,1,1,1,1,1,6,1,1,1,1,1,5,3,1,8,1,1,1,10,1,1,2,28
"1000",2,8,8,7,2,1,1,1,1,1,1,1,1,2,1,1,1,1,7,6,6,10,1,6,6,10,1,1,1,44
